Title,URL
"The Girl with the Dragon Tattoo (Millennium, #1)",https://www.goodreads.com/book/show/2429135.The_Girl_with_the_Dragon_Tattoo
And Then There Were None,https://www.goodreads.com/book/show/16299.And_Then_There_Were_None
"The Girl Who Played with Fire (Millennium, #2)",https://www.goodreads.com/book/show/5060378-the-girl-who-played-with-fire
Gone Girl,https://www.goodreads.com/book/show/19288043-gone-girl
"Murder on the Orient Express (Hercule Poirot, #9)",https://www.goodreads.com/book/show/853510.Murder_on_the_Orient_Express
"The Girl Who Kicked the Hornet's Nest (Millennium, #3)",https://www.goodreads.com/book/show/6892870-the-girl-who-kicked-the-hornet-s-nest
The Girl on the Train,https://www.goodreads.com/book/show/22557272-the-girl-on-the-train
In Cold Blood,https://www.goodreads.com/book/show/168642.In_Cold_Blood
"The Cuckoo's Calling (Cormoran Strike, #1)",https://www.goodreads.com/book/show/16160797-the-cuckoo-s-calling
"A Study in Scarlet (Sherlock Holmes, #1)",https://www.goodreads.com/book/show/102868.A_Study_in_Scarlet
Sharp Objects,https://www.goodreads.com/book/show/18045891-sharp-objects
"In the Woods (Dublin Murder Squad, #1)",https://www.goodreads.com/book/show/2459785.In_the_Woods
"The Silkworm (Cormoran Strike, #2)",https://www.goodreads.com/book/show/18214414-the-silkworm
"The Godfather (The Godfather, #1)",https://www.goodreads.com/book/show/22034.The_Godfather
"The Murder of Roger Ackroyd (Hercule Poirot, #3)",https://www.goodreads.com/book/show/16328.The_Murder_of_Roger_Ackroyd
"The Mysterious Affair at Styles (Hercule Poirot, #1)",https://www.goodreads.com/book/show/52843028-the-mysterious-affair-at-styles
Dark Places,https://www.goodreads.com/book/show/5886881-dark-places
"Death on the Nile (Hercule Poirot, #16)",https://www.goodreads.com/book/show/131359.Death_on_the_Nile
"The Hound of the Baskervilles (Sherlock Holmes, #5)",https://www.goodreads.com/book/show/8921.The_Hound_of_the_Baskervilles
"The Silence of the Lambs  (Hannibal Lecter, #2)",https://www.goodreads.com/book/show/23807.The_Silence_of_the_Lambs
I'll Be Gone in the Dark: One Woman's Obsessive Search for the Golden State Killer,https://www.goodreads.com/book/show/35068432-i-ll-be-gone-in-the-dark
"The Thursday Murder Club (Thursday Murder Club, #1)",https://www.goodreads.com/book/show/46000520-the-thursday-murder-club
"The Da Vinci Code (Robert Langdon, #2)",https://www.goodreads.com/book/show/968.The_Da_Vinci_Code
"The Devil in the White City: Murder, Magic, and Madness at the Fair That Changed America",https://www.goodreads.com/book/show/397483.The_Devil_in_the_White_City
"Career of Evil (Cormoran Strike, #3)",https://www.goodreads.com/book/show/40611999-career-of-evil
"The Big Sleep (Philip Marlowe, #1)",https://www.goodreads.com/book/show/2052.The_Big_Sleep
"Red Dragon (Hannibal Lecter, #1)",https://www.goodreads.com/book/show/28877.Red_Dragon
"The Adventures of Sherlock Holmes (Sherlock Holmes, #3)",https://www.goodreads.com/book/show/3590.The_Adventures_of_Sherlock_Holmes
"The Snowman (Harry Hole, #7)",https://www.goodreads.com/book/show/9572203-the-snowman
"Flaggermusmannen (Harry Hole, #1)",https://www.goodreads.com/book/show/1991039.Flaggermusmannen
"Angels & Demons (Robert Langdon, #1)",https://www.goodreads.com/book/show/960.Angels_Demons
The Silent Patient,https://www.goodreads.com/book/show/40097951-the-silent-patient
"The Dry (Aaron Falk, #1)",https://www.goodreads.com/book/show/27824826-the-dry
"The Sign of Four (Sherlock Holmes, #2)",https://www.goodreads.com/book/show/608474.The_Sign_of_Four
Assuming Names: A Con Artist's Masquerade,https://www.goodreads.com/book/show/21449526-assuming-names
"The A.B.C. Murders (Hercule Poirot, #12)",https://www.goodreads.com/book/show/16322.The_A_B_C_Murders
Crime and Punishment,https://www.goodreads.com/book/show/7144.Crime_and_Punishment
The Lovely Bones,https://www.goodreads.com/book/show/12232938-the-lovely-bones
"Postmortem (Kay Scarpetta, #1)",https://www.goodreads.com/book/show/6534.Postmortem
"Killing Floor (Jack Reacher, #1)",https://www.goodreads.com/book/show/78129.Killing_Floor
"The Redbreast (Harry Hole, #3)",https://www.goodreads.com/book/show/465226.The_Redbreast
"The Black Echo (Harry Bosch Universe, #1)",https://www.goodreads.com/book/show/32508.The_Black_Echo
The Seven Deaths of Evelyn Hardcastle,https://www.goodreads.com/book/show/62229748-the-seven-deaths-of-evelyn-hardcastle
"Darkly Dreaming Dexter (Dexter, #1)",https://www.goodreads.com/book/show/17231.Darkly_Dreaming_Dexter
"Lethal White (Cormoran Strike, #4)",https://www.goodreads.com/book/show/42283287-lethal-white
Murder at the Vicarage,https://www.goodreads.com/book/show/16331.Murder_at_the_Vicarage
"Rivers of London (Rivers of London, #1)",https://www.goodreads.com/book/show/9317452-rivers-of-london
"My Sister, the Serial Killer",https://www.goodreads.com/book/show/38819868-my-sister-the-serial-killer
"Mr. Mercedes (Bill Hodges Trilogy, #1)",https://www.goodreads.com/book/show/18775247-mr-mercedes
Helter Skelter: The True Story of the Manson Murders,https://www.goodreads.com/book/show/105992.Helter_Skelter
"Déjà Dead (Temperance Brennan, #1)",https://www.goodreads.com/book/show/231604.D_j_Dead
"Along Came a Spider (Alex Cross, #1)",https://www.goodreads.com/book/show/13145.Along_Came_a_Spider
"The Black Dahlia (L.A. Quartet, #1)",https://www.goodreads.com/book/show/21704.The_Black_Dahlia
Perfume: The Story of a Murderer,https://www.goodreads.com/book/show/343.Perfume
"The Surgeon (Rizzoli & Isles, #1)",https://www.goodreads.com/book/show/32263.The_Surgeon
"A Good Girl's Guide to Murder (A Good Girl's Guide to Murder, #1)",https://www.goodreads.com/book/show/40916679-a-good-girl-s-guide-to-murder
"One of Us Is Lying (One of Us is Lying, #1)",https://www.goodreads.com/book/show/58679358-one-of-us-is-lying
Killers of the Flower Moon: The Osage Murders and the Birth of the FBI,https://www.goodreads.com/book/show/29496076-killers-of-the-flower-moon
"The Likeness (Dublin Murder Squad, #2)",https://www.goodreads.com/book/show/5941114-the-likeness
The Body in the Library,https://www.goodreads.com/book/show/16319.The_Body_in_the_Library
The Maltese Falcon,https://www.goodreads.com/book/show/29999.The_Maltese_Falcon
"Faceless Killers (Kurt Wallander, #1)",https://www.goodreads.com/book/show/935308.Faceless_Killers
"Naked in Death (In Death, #1)",https://www.goodreads.com/book/show/479309.Naked_in_Death
"A Time to Kill (Jake Brigance, #1)",https://www.goodreads.com/book/show/32542.A_Time_to_Kill
"Nemesis (Harry Hole, #4)",https://www.goodreads.com/book/show/6979826-nemesis
"The Murder on the Links (Hercule Poirot, #2)",https://www.goodreads.com/book/show/51132354-the-murder-on-the-links
"The Bone Collector (Lincoln Rhyme, #1)",https://www.goodreads.com/book/show/2373.The_Bone_Collector
The Secret History,https://www.goodreads.com/book/show/29044.The_Secret_History
"1st to Die (Women's Murder Club, #1)",https://www.goodreads.com/book/show/13137.1st_to_Die
Mindhunter: Inside the FBI's Elite Serial Crime Unit,https://www.goodreads.com/book/show/126584.Mindhunter
"The Alienist (Dr. Laszlo Kreizler, #1)",https://www.goodreads.com/book/show/40024.The_Alienist
"The Ice Princess (Patrik Hedström, #1)",https://www.goodreads.com/book/show/7058405-the-ice-princess
"The Keeper of Lost Causes (Department Q, #1)",https://www.goodreads.com/book/show/10822858-the-keeper-of-lost-causes
"Knots and Crosses (Inspector Rebus, #1)",https://www.goodreads.com/book/show/634407.Knots_and_Crosses
"One for the Money (Stephanie Plum, #1)",https://www.goodreads.com/book/show/6853.One_for_the_Money
The Guest List,https://www.goodreads.com/book/show/51933429-the-guest-list
"The Devil's Star (Harry Hole, #5)",https://www.goodreads.com/book/show/498389.The_Devil_s_Star
"The Lincoln Lawyer (The Lincoln Lawyer, #1; Harry Bosch Universe, #15)",https://www.goodreads.com/book/show/40612032-the-lincoln-lawyer
"Cockroaches (Harry Hole, #2)",https://www.goodreads.com/book/show/18373214-cockroaches
The Stranger Beside Me: Ted Bundy: The Shocking Inside Story,https://www.goodreads.com/book/show/15654.The_Stranger_Beside_Me
"Still Life (Chief Inspector Armand Gamache, #1)",https://www.goodreads.com/book/show/338691.Still_Life
The Woman in the Window,https://www.goodreads.com/book/show/40389527-the-woman-in-the-window
The Complete Sherlock Holmes,https://www.goodreads.com/book/show/188572.The_Complete_Sherlock_Holmes
"The Talented Mr. Ripley (Ripley, #1)",https://www.goodreads.com/book/show/2247142.The_Talented_Mr_Ripley
"Hercule Poirot's Christmas (Hercule Poirot, #18)",https://www.goodreads.com/book/show/16349.Hercule_Poirot_s_Christmas
"The Girl in the Spider's Web (Millennium, #4)",https://www.goodreads.com/book/show/25074850-the-girl-in-the-spider-s-web
"Evil Under the Sun (Hercule Poirot, #21)",https://www.goodreads.com/book/show/16305.Evil_Under_the_Sun
Red Russia,https://www.goodreads.com/book/show/36043601-red-russia
4:50 from Paddington,https://www.goodreads.com/book/show/140278.4
"Magpie Murders (Susan Ryeland, #1)",https://www.goodreads.com/book/show/32075854-magpie-murders
"The Leopard (Harry Hole, #8)",https://www.goodreads.com/book/show/23355220-the-leopard
No Country for Old Men,https://www.goodreads.com/book/show/12497.No_Country_for_Old_Men
"The Memoirs of Sherlock Holmes (Sherlock Holmes, #4)",https://www.goodreads.com/book/show/194373.The_Memoirs_of_Sherlock_Holmes
"Case Histories (Jackson Brodie, #1)",https://www.goodreads.com/book/show/16243.Case_Histories
A Murder Is Announced,https://www.goodreads.com/book/show/16298.A_Murder_Is_Announced
"Peril at End House (Hercule Poirot, #7)",https://www.goodreads.com/book/show/16424.Peril_at_End_House
The Name of the Rose,https://www.goodreads.com/book/show/119073.The_Name_of_the_Rose
Columbine,https://www.goodreads.com/book/show/5632446-columbine
The Outsider,https://www.goodreads.com/book/show/36124936-the-outsider
"Five Little Pigs (Hercule Poirot, #22)",https://www.goodreads.com/book/show/121648.Five_Little_Pigs
Midnight in the Garden of Good and Evil,https://www.goodreads.com/book/show/386187.Midnight_in_the_Garden_of_Good_and_Evil
"Kiss the Girls (Alex Cross, #2)",https://www.goodreads.com/book/show/13148.Kiss_the_Girls
"The Mystery of the Blue Train (Hercule Poirot, #5)",https://www.goodreads.com/book/show/16335.The_Mystery_of_the_Blue_Train
"The Redeemer (Harry Hole, #6)",https://www.goodreads.com/book/show/33641782-the-redeemer
"Faithful Place (Dublin Murder Squad, #3)",https://www.goodreads.com/book/show/7093952-faithful-place
"Body of Evidence (Kay Scarpetta, #2)",https://www.goodreads.com/book/show/132336.Body_of_Evidence
"Hannibal (Hannibal Lecter, #3)",https://www.goodreads.com/book/show/32418.Hannibal
"Troubled Blood (Cormoran Strike, #5)",https://www.goodreads.com/book/show/51807232-troubled-blood
"Death in the Clouds (Hercule Poirot, #11)",https://www.goodreads.com/book/show/16326.Death_in_the_Clouds
"Moon Over Soho (Rivers of London, #2)",https://www.goodreads.com/book/show/10381195-moon-over-soho
"The Man Who Died Twice (Thursday Murder Club, #2)",https://www.goodreads.com/book/show/55457493-the-man-who-died-twice
"The Black Ice (Harry Bosch, #2; Harry Bosch Universe, #2)",https://www.goodreads.com/book/show/24244.The_Black_Ice
"Blindsighted (Grant County, #1)",https://www.goodreads.com/book/show/21718.Blindsighted
"Broken Harbor (Dublin Murder Squad, #4)",https://www.goodreads.com/book/show/16171207-broken-harbor
"Murder in Mesopotamia (Hercule Poirot, #13)",https://www.goodreads.com/book/show/16360.Murder_in_Mesopotamia
"The Body Farm (Kay Scarpetta, #5)",https://www.goodreads.com/book/show/6539.The_Body_Farm
"Phantom (Harry Hole, #9)",https://www.goodreads.com/book/show/13256064-phantom
"Death du Jour (Temperance Brennan, #2)",https://www.goodreads.com/book/show/128756.Death_du_Jour
"Force of Nature (Aaron Falk, #2)",https://www.goodreads.com/book/show/34275222-force-of-nature
American Psycho,https://www.goodreads.com/book/show/28676.American_Psycho
Where the Crawdads Sing,https://www.goodreads.com/book/show/36809135-where-the-crawdads-sing
Mystic River,https://www.goodreads.com/book/show/21671.Mystic_River
"Storm Front (The Dresden Files, #1)",https://www.goodreads.com/book/show/47212.Storm_Front
"Cards on the Table (Hercule Poirot, #14)",https://www.goodreads.com/book/show/16297.Cards_on_the_Table
"Finders Keepers (Bill Hodges Trilogy, #2)",https://www.goodreads.com/book/show/23492589-finders-keepers
"All That Remains (Kay Scarpetta, #3)",https://www.goodreads.com/book/show/232123.All_That_Remains
Pretty Girls,https://www.goodreads.com/book/show/25574782-pretty-girls
"The Lost Symbol (Robert Langdon, #3)",https://www.goodreads.com/book/show/6411961-the-lost-symbol
"Lord Edgware Dies (Hercule Poirot, #8)",https://www.goodreads.com/book/show/215492.Lord_Edgware_Dies
"Triptych (Will Trent, #1)",https://www.goodreads.com/book/show/21717.Triptych
"The Poet (Jack McEvoy, #1; Harry Bosch Universe, #5)",https://www.goodreads.com/book/show/32506.The_Poet
"Farewell, My Lovely (Philip Marlowe, #2)",https://www.goodreads.com/book/show/2050.Farewell_My_Lovely
Into the Water,https://www.goodreads.com/book/show/33151805-into-the-water
"The Big Four (Hercule Poirot, #4)",https://www.goodreads.com/book/show/16316.The_Big_Four
Crooked House,https://www.goodreads.com/book/show/16315.Crooked_House
"The Secret Place (Dublin Murder Squad, #5)",https://www.goodreads.com/book/show/52263433-the-secret-place
"The Concrete Blonde (Harry Bosch, #3; Harry Bosch Universe, #3)",https://www.goodreads.com/book/show/49350.The_Concrete_Blonde
"Police (Harry Hole, #10)",https://www.goodreads.com/book/show/18142329-police
"Whispers Under Ground (Rivers of London, #3)",https://www.goodreads.com/book/show/10814687-whispers-under-ground
"A is for Alibi (Kinsey Millhone, #1)",https://www.goodreads.com/book/show/64863.A_is_for_Alibi
"The Return of Sherlock Holmes (Sherlock Holmes, #6)",https://www.goodreads.com/book/show/194366.The_Return_of_Sherlock_Holmes
"Appointment with Death (Hercule Poirot, #17)",https://www.goodreads.com/book/show/16363.Appointment_with_Death
"The Hypnotist (Joona Linna, #1)",https://www.goodreads.com/book/show/9835731-the-hypnotist
"Die Trying (Jack Reacher, #2)",https://www.goodreads.com/book/show/220969.Die_Trying
"Raven Black (Shetland Island, #1)",https://www.goodreads.com/book/show/644655.Raven_Black
"Hallowe'en Party (Hercule Poirot, #32)",https://www.goodreads.com/book/show/16307.Hallowe_en_Party
The Woman in Cabin 10,https://www.goodreads.com/book/show/28187230-the-woman-in-cabin-10
"The Crossing Places (Ruth Galloway, #1)",https://www.goodreads.com/book/show/6688087-the-crossing-places
"The Apprentice (Rizzoli & Isles, #2)",https://www.goodreads.com/book/show/715834.The_Apprentice
"Cruel & Unusual (Kay Scarpetta, #4)",https://www.goodreads.com/book/show/85379.Cruel_Unusual
The Postman Always Rings Twice,https://www.goodreads.com/book/show/25807.The_Postman_Always_Rings_Twice
"The Valley of Fear (Sherlock Holmes, #7)",https://www.goodreads.com/book/show/736131.The_Valley_of_Fear
"Child 44 (Leo Demidov, #1)",https://www.goodreads.com/book/show/2161733.Child_44
"Dearly Devoted Dexter (Dexter, #2)",https://www.goodreads.com/book/show/136081.Dearly_Devoted_Dexter
Joyland,https://www.goodreads.com/book/show/13596166-joyland
The Pelican Brief,https://www.goodreads.com/book/show/32499.The_Pelican_Brief
"The Trespasser (Dublin Murder Squad, #6)",https://www.goodreads.com/book/show/34267285-the-trespasser
"Heat Wave (Nikki Heat, #1)",https://www.goodreads.com/book/show/6566722-heat-wave
The Client,https://www.goodreads.com/book/show/5359.The_Client
"Glory in Death (In Death, #2)",https://www.goodreads.com/book/show/268601.Glory_in_Death
"The House of Silk (Horowitz's Holmes, #1)",https://www.goodreads.com/book/show/11093329-the-house-of-silk
The Devotion of Suspect X (Detective Galileo #1),https://www.goodreads.com/book/show/8686068-the-devotion-of-suspect-x
Shutter Island,https://www.goodreads.com/book/show/21686.Shutter_Island
"Cat Among the Pigeons (Hercule Poirot, #29)",https://www.goodreads.com/book/show/16342.Cat_Among_the_Pigeons
"Inferno (Robert Langdon, #4)",https://www.goodreads.com/book/show/17212231-inferno
"The Dogs of Riga (Kurt Wallander, #2)",https://www.goodreads.com/book/show/39795.The_Dogs_of_Riga
"A Pocket Full of Rye  (Miss Marple, #7)",https://www.goodreads.com/book/show/834378.A_Pocket_Full_of_Rye
The Firm,https://www.goodreads.com/book/show/5358.The_Firm
"The Long Goodbye (Philip Marlowe, #6)",https://www.goodreads.com/book/show/2054.The_Long_Goodbye
Room,https://www.goodreads.com/book/show/31685789-room
"Poirot Investigates (Hercule Poirot, #1.5)",https://www.goodreads.com/book/show/57806251-poirot-investigates
Bad Blood: Secrets and Lies in a Silicon Valley Startup,https://www.goodreads.com/book/show/37976541-bad-blood
The Moving Finger,https://www.goodreads.com/book/show/16341.The_Moving_Finger
The Hunting Party,https://www.goodreads.com/book/show/37642030-the-hunting-party
"The No. 1 Ladies' Detective Agency (No. 1 Ladies' Detective Agency, #1)",https://www.goodreads.com/book/show/7061.The_No_1_Ladies_Detective_Agency
"The Sinner (Rizzoli & Isles, #3)",https://www.goodreads.com/book/show/32257.The_Sinner
To Kill a Mockingbird,https://www.goodreads.com/book/show/2657.To_Kill_a_Mockingbird
The Maid,https://www.goodreads.com/book/show/55196813-the-maid
"The Last Coyote (Harry Bosch, #4; Harry Bosch Universe, #4)",https://www.goodreads.com/book/show/49353.The_Last_Coyote
Defending Jacob,https://www.goodreads.com/book/show/11367726-defending-jacob
The City & the City,https://www.goodreads.com/book/show/4703581-the-city-the-city
"The Blackhouse (Lewis Trilogy, #1)",https://www.goodreads.com/book/show/10305247-the-blackhouse
"L.A. Confidential (L.A. Quartet, #3)",https://www.goodreads.com/book/show/57727.L_A_Confidential
"Three Act Tragedy (Hercule Poirot, #10)",https://www.goodreads.com/book/show/140360.Three_Act_Tragedy
"Deadly Decisions (Temperance Brennan, #3)",https://www.goodreads.com/book/show/128754.Deadly_Decisions
"After the Funeral (Hercule Poirot, #26)",https://www.goodreads.com/book/show/527744.After_the_Funeral
A Caribbean Mystery,https://www.goodreads.com/book/show/31300.A_Caribbean_Mystery
"From Potter's Field (Kay Scarpetta, #6)",https://www.goodreads.com/book/show/6537.From_Potter_s_Field
"2nd Chance (Women's Murder Club, #2)",https://www.goodreads.com/book/show/13136.2nd_Chance
"The Absent One (Department Q, #2)",https://www.goodreads.com/book/show/13505130-the-absent-one
"City of Bones (Harry Bosch, #8; Harry Bosch Universe, #10)",https://www.goodreads.com/book/show/84777.City_of_Bones
"Good Girl, Bad Blood (A Good Girl's Guide to Murder, #2)",https://www.goodreads.com/book/show/51335759-good-girl-bad-blood
"Broken Homes (Rivers of London, #4)",https://www.goodreads.com/book/show/16078584-broken-homes
The Couple Next Door,https://www.goodreads.com/book/show/28815474-the-couple-next-door
"Sad Cypress (Hercule Poirot, #19)",https://www.goodreads.com/book/show/433035.Sad_Cypress
"Curtain (Hercule Poirot, #34)",https://www.goodreads.com/book/show/81903.Curtain
"The Brass Verdict (Harry Bosch, #14; The Lincoln Lawyer, #2; Harry Bosch Universe, #18)",https://www.goodreads.com/book/show/2761626-the-brass-verdict
Digital Fortress,https://www.goodreads.com/book/show/11125.Digital_Fortress
"The Mirror Crack'd from Side to Side (Miss Marple, #8)",https://www.goodreads.com/book/show/16372.The_Mirror_Crack_d_from_Side_to_Side
"Fractured (Will Trent, #2)",https://www.goodreads.com/book/show/2199587.Fractured
"The Man in the Brown Suit (Colonel Race, #1)",https://www.goodreads.com/book/show/209194.The_Man_in_the_Brown_Suit
The Killer Inside Me,https://www.goodreads.com/book/show/298663.The_Killer_Inside_Me
"Trunk Music (Harry Bosch, #5; Harry Bosch Universe, #6)",https://www.goodreads.com/book/show/58962.Trunk_Music
At Bertram's Hotel,https://www.goodreads.com/book/show/16333.At_Bertram_s_Hotel
"Angels Flight (Harry Bosch, #6; Harry Bosch Universe, #7)",https://www.goodreads.com/book/show/32502.Angels_Flight
"The Good Daughter (Good Daughter, #1)",https://www.goodreads.com/book/show/33230889-the-good-daughter
"Elephants Can Remember (Hercule Poirot, #33)",https://www.goodreads.com/book/show/148584.Elephants_Can_Remember
The Lost Man,https://www.goodreads.com/book/show/39863488-the-lost-man
"Cause of Death (Kay Scarpetta, #7)",https://www.goodreads.com/book/show/6541.Cause_of_Death
"Six of Crows (Six of Crows, #1)",https://www.goodreads.com/book/show/23437156-six-of-crows
"Dumb Witness (Hercule Poirot, #15)",https://www.goodreads.com/book/show/16344.Dumb_Witness
"Hide and Seek (Inspector Rebus, #2)",https://www.goodreads.com/book/show/77490.Hide_and_Seek
"The Sweetness at the Bottom of the Pie (Flavia de Luce, #1)",https://www.goodreads.com/book/show/40605285-the-sweetness-at-the-bottom-of-the-pie
"Echo Park (Harry Bosch, #12; Harry Bosch Universe, #16)",https://www.goodreads.com/book/show/32501.Echo_Park
"The Preacher (Patrik Hedström, #2)",https://www.goodreads.com/book/show/9606002-the-preacher
The Whisper Man,https://www.goodreads.com/book/show/51540935-the-whisper-man
"Body Double (Rizzoli & Isles, #4)",https://www.goodreads.com/book/show/32258.Body_Double
The Thirteen Problems,https://www.goodreads.com/book/show/31309.The_Thirteen_Problems
"Two for the Dough (Stephanie Plum, #2)",https://www.goodreads.com/book/show/6427.Two_for_the_Dough
"Vanish (Rizzoli & Isles, #5)",https://www.goodreads.com/book/show/32255.Vanish
"End of Watch (Bill Hodges Trilogy, #3)",https://www.goodreads.com/book/show/25526965-end-of-watch
"Fatal Voyage (Temperance Brennan, #4)",https://www.goodreads.com/book/show/128759.Fatal_Voyage
"The Butterfly Garden  (The Collector, #1)",https://www.goodreads.com/book/show/29981261-the-butterfly-garden
"Tripwire  (Jack Reacher, #3)",https://www.goodreads.com/book/show/220970.Tripwire
"La Vérité sur l'Affaire Harry Quebert (Marcus Goldman, #1)",https://www.goodreads.com/book/show/16033842-la-v-rit-sur-l-affaire-harry-quebert
"The Word Is Murder (Hawthorne and Horowitz Mystery, #1)",https://www.goodreads.com/book/show/36204075-the-word-is-murder
The Son,https://www.goodreads.com/book/show/19101283-the-son
They Do It With Mirrors,https://www.goodreads.com/book/show/68930.They_Do_It_With_Mirrors
"One, Two, Buckle My Shoe (Hercule Poirot, #20)",https://www.goodreads.com/book/show/16312.One_Two_Buckle_My_Shoe
"The Power of the Dog (Power of the Dog, #1)",https://www.goodreads.com/book/show/206236.The_Power_of_the_Dog
Sleeping Murder,https://www.goodreads.com/book/show/16300.Sleeping_Murder
I Am Pilgrim,https://www.goodreads.com/book/show/18144124-i-am-pilgrim
The Five: The Untold Lives of the Women Killed by Jack the Ripper,https://www.goodreads.com/book/show/37570548-the-five
The Chalk Man,https://www.goodreads.com/book/show/35356382-the-chalk-man
"Immortal in Death (In Death, #3)",https://www.goodreads.com/book/show/238126.Immortal_in_Death
"Whose Body?  (Lord Peter Wimsey, #1)",https://www.goodreads.com/book/show/192893.Whose_Body_
Tell No One,https://www.goodreads.com/book/show/43933.Tell_No_One
A Clockwork Orange,https://www.goodreads.com/book/show/41817486-a-clockwork-orange
Before I Go to Sleep,https://www.goodreads.com/book/show/9736930-before-i-go-to-sleep
"A Darkness More Than Night (Harry Bosch, #7; Terry McCaleb, #2; Harry Bosch Universe, #9)",https://www.goodreads.com/book/show/76867.A_Darkness_More_Than_Night
Deception Point,https://www.goodreads.com/book/show/976.Deception_Point
"Bare Bones (Temperance Brennan, #6)",https://www.goodreads.com/book/show/128752.Bare_Bones
"The Kind Worth Killing (Henry Kimball/Lily Kintner, #1)",https://www.goodreads.com/book/show/21936809-the-kind-worth-killing
"The Reversal (The Lincoln Lawyer, #3; Harry Bosch Universe, #21)",https://www.goodreads.com/book/show/7936809-the-reversal
"Dissolution (Matthew Shardlake, #1)",https://www.goodreads.com/book/show/138685.Dissolution
"The Hollow (Hercule Poirot, #23)",https://www.goodreads.com/book/show/16303.The_Hollow
"Grave Secrets (Temperance Brennan, #5)",https://www.goodreads.com/book/show/281350.Grave_Secrets
Death Comes to Pemberley,https://www.goodreads.com/book/show/12875355-death-comes-to-pemberley
"Hickory Dickory Dock (Hercule Poirot, #27)",https://www.goodreads.com/book/show/31299.Hickory_Dickory_Dock
"The Mermaids Singing (Tony Hill & Carol Jordan, #1)",https://www.goodreads.com/book/show/459386.The_Mermaids_Singing
"One Shot (Jack Reacher, #9)",https://www.goodreads.com/book/show/220968.One_Shot
"Point of Origin (Kay Scarpetta, #9)",https://www.goodreads.com/book/show/6531.Point_of_Origin
Nemesis,https://www.goodreads.com/book/show/31304.Nemesis
"Lost Light (Harry Bosch, #9; Harry Bosch Universe, #11)",https://www.goodreads.com/book/show/126507.Lost_Light
Out,https://www.goodreads.com/book/show/25365.Out
"The Secret Adversary (Tommy and Tuppence, #1)",https://www.goodreads.com/book/show/49596.The_Secret_Adversary
The Chestnut Man,https://www.goodreads.com/book/show/41154336-the-chestnut-man
"The Mephisto Club (Rizzoli & Isles, #6)",https://www.goodreads.com/book/show/32254.The_Mephisto_Club
Homicide: A Year on the Killing Streets,https://www.goodreads.com/book/show/18956.Homicide
"A Fatal Grace (Chief Inspector Armand Gamache, #2)",https://www.goodreads.com/book/show/352921.A_Fatal_Grace
"In a Dark, Dark Wood",https://www.goodreads.com/book/show/27834600-in-a-dark-dark-wood
The Suspicions of Mr. Whicher,https://www.goodreads.com/book/show/1747896.The_Suspicions_of_Mr_Whicher
"Truly Devious (Truly Devious, #1)",https://www.goodreads.com/book/show/29589074-truly-devious
"The Narrows (Harry Bosch, #10; Harry Bosch Universe, #13)",https://www.goodreads.com/book/show/409918.The_Narrows
The Thin Man,https://www.goodreads.com/book/show/80616.The_Thin_Man
"Unnatural Exposure (Kay Scarpetta, #8)",https://www.goodreads.com/book/show/232145.Unnatural_Exposure
"Dexter in the Dark (Dexter, #3)",https://www.goodreads.com/book/show/206682.Dexter_in_the_Dark
"Three to Get Deadly (Stephanie Plum, #3)",https://www.goodreads.com/book/show/6854.Three_to_Get_Deadly
"Running Blind (Jack Reacher, #4)",https://www.goodreads.com/book/show/455925.Running_Blind
"The Girl in the Ice (Detective Erika Foster, #1)",https://www.goodreads.com/book/show/28233082-the-girl-in-the-ice
"Mrs. McGinty's Dead (Hercule Poirot, #25)",https://www.goodreads.com/book/show/121622.Mrs_McGinty_s_Dead
Strangers on a Train,https://www.goodreads.com/book/show/25622296-strangers-on-a-train
Headhunters (Vintage Crime/Black Lizard),https://www.goodreads.com/book/show/11777020-headhunters
Under the Banner of Heaven: A Story of Violent Faith,https://www.goodreads.com/book/show/10847.Under_the_Banner_of_Heaven
Red Harvest (The Continental Op #1),https://www.goodreads.com/book/show/30005.Red_Harvest
"The Drop (Harry Bosch, #15; Harry Bosch Universe, #23)",https://www.goodreads.com/book/show/11082037-the-drop
"The Thirst (Harry Hole, #11)",https://www.goodreads.com/book/show/32775291-the-thirst
"Dead Man's Folly (Hercule Poirot, #28)",https://www.goodreads.com/book/show/16329.Dead_Man_s_Folly
"Jar City (Inspector Erlendur, #3)",https://www.goodreads.com/book/show/280366.Jar_City
The Witch Elm,https://www.goodreads.com/book/show/39720991-the-witch-elm
"Undone (Will Trent, #3)",https://www.goodreads.com/book/show/5764902-undone
"Tooth and Nail (Inspector Rebus, #3)",https://www.goodreads.com/book/show/69802.Tooth_and_Nail
If We Were Villains,https://www.goodreads.com/book/show/30319086-if-we-were-villains
Burial Rites,https://www.goodreads.com/book/show/17333319-burial-rites
The Shining Girls,https://www.goodreads.com/book/show/16131077-the-shining-girls
"His Last Bow (Sherlock Holmes, #8)",https://www.goodreads.com/book/show/754713.His_Last_Bow
"3rd Degree (Women's Murder Club, #3)",https://www.goodreads.com/book/show/13132.3rd_Degree
"The Clocks (Hercule Poirot, #30)",https://www.goodreads.com/book/show/388018.The_Clocks
"Flaskepost fra P (Afdeling Q, #3)",https://www.goodreads.com/book/show/7145565-flaskepost-fra-p
I Let You Go,https://www.goodreads.com/book/show/30689367-i-let-you-go
"The Overlook (Harry Bosch, #13; Harry Bosch Universe, #17)",https://www.goodreads.com/book/show/84785.The_Overlook
The Moonstone,https://www.goodreads.com/book/show/6138.The_Moonstone
"Kisscut (Grant County, #2)",https://www.goodreads.com/book/show/21719.Kisscut
Then She Was Gone,https://www.goodreads.com/book/show/35297426-then-she-was-gone
"Catch and Kill: Lies, Spies, and a Conspiracy to Protect Predators",https://www.goodreads.com/book/show/51022071-catch-and-kill
Say Nothing: A True Story of Murder and Memory in Northern Ireland,https://www.goodreads.com/book/show/40163119-say-nothing
"Broken (Will Trent, #4)",https://www.goodreads.com/book/show/7093222-broken
The Runaway Jury,https://www.goodreads.com/book/show/24192.The_Runaway_Jury
"The Closers (Harry Bosch, #11; Harry Bosch Universe, #14)",https://www.goodreads.com/book/show/32505.The_Closers
"Stenhuggaren (Patrik Hedström, #3)",https://www.goodreads.com/book/show/1457790.Stenhuggaren
