Title,URL
"Confessions of a Shopaholic (Shopaholic, #1)",https://www.goodreads.com/book/show/9416.Confessions_of_a_Shopaholic
"Bridget Jones's Diary (Bridget Jones, #1)",https://www.goodreads.com/book/show/227443.Bridget_Jones_s_Diary
Can You Keep a Secret?,https://www.goodreads.com/book/show/33724.Can_You_Keep_a_Secret_
"The Devil Wears Prada (The Devil Wears Prada, #1)",https://www.goodreads.com/book/show/5139.The_Devil_Wears_Prada
The Undomestic Goddess,https://www.goodreads.com/book/show/33722.The_Undomestic_Goddess
Remember Me?,https://www.goodreads.com/book/show/1358844.Remember_Me_
"Something Borrowed (Darcy & Rachel, #1)",https://www.goodreads.com/book/show/42156.Something_Borrowed
I've Got Your Number,https://www.goodreads.com/book/show/12033455-i-ve-got-your-number
"Shopaholic Takes Manhattan (Shopaholic, #2)",https://www.goodreads.com/book/show/9418.Shopaholic_Takes_Manhattan
Twenties Girl,https://www.goodreads.com/book/show/6063187-twenties-girl
"Shopaholic Ties the Knot (Shopaholic, #3)",https://www.goodreads.com/book/show/9419.Shopaholic_Ties_the_Knot
"Good in Bed (Cannie Shapiro, #1)",https://www.goodreads.com/book/show/14748.Good_in_Bed
"Something Blue (Darcy & Rachel, #2)",https://www.goodreads.com/book/show/42155.Something_Blue
"Shopaholic and Sister (Shopaholic, #4)",https://www.goodreads.com/book/show/9417.Shopaholic_and_Sister
"Me Before You (Me Before You, #1)",https://www.goodreads.com/book/show/17347634-me-before-you
"Shopaholic & Baby (Shopaholic, #5)",https://www.goodreads.com/book/show/9420.Shopaholic_Baby
"The Nanny Diaries (Nanny, #1)",https://www.goodreads.com/book/show/228333.The_Nanny_Diaries
"Bridget Jones: The Edge of Reason (Bridget Jones, #2)",https://www.goodreads.com/book/show/363752.Bridget_Jones
"P.S. I Love You (P.S. I Love You, #1)",https://www.goodreads.com/book/show/366522.P_S_I_Love_You
The Hating Game,https://www.goodreads.com/book/show/27213238-the-hating-game
"The Notebook (The Notebook, #1)",https://www.goodreads.com/book/show/33648131-the-notebook
Wedding Night,https://www.goodreads.com/book/show/17910611-wedding-night
Love the One You're With,https://www.goodreads.com/book/show/2120652.Love_the_One_You_re_With
In Her Shoes,https://www.goodreads.com/book/show/14758.In_Her_Shoes
Baby Proof,https://www.goodreads.com/book/show/42149.Baby_Proof
My Not So Perfect Life,https://www.goodreads.com/book/show/30821598-my-not-so-perfect-life
"Mini Shopaholic (Shopaholic, #6)",https://www.goodreads.com/book/show/7415016-mini-shopaholic
Big Little Lies,https://www.goodreads.com/book/show/33516773-big-little-lies
"Size 12 Is Not Fat (Heather Wells, #1)",https://www.goodreads.com/book/show/23220.Size_12_Is_Not_Fat
Beach Read,https://www.goodreads.com/book/show/52867387-beach-read
"Queen of Babble (Queen of Babble, #1)",https://www.goodreads.com/book/show/23219.Queen_of_Babble
"Crazy Rich Asians (Crazy Rich Asians, #1)",https://www.goodreads.com/book/show/16085481-crazy-rich-asians
Jemima J,https://www.goodreads.com/book/show/227941.Jemima_J
Attachments,https://www.goodreads.com/book/show/8909152-attachments
"The Sisterhood of the Traveling Pants (Sisterhood, #1)",https://www.goodreads.com/book/show/452306.The_Sisterhood_of_the_Traveling_Pants
"The Boy Next Door (Boy, #1)",https://www.goodreads.com/book/show/93722.The_Boy_Next_Door
Divine Secrets of the Ya-Ya Sisterhood,https://www.goodreads.com/book/show/137791.Divine_Secrets_of_the_Ya_Ya_Sisterhood
The Unhoneymooners,https://www.goodreads.com/book/show/42201431-the-unhoneymooners
"The Flatshare (The Flatshare, #1)",https://www.goodreads.com/book/show/36478784-the-flatshare
"Love, Rosie",https://www.goodreads.com/book/show/147865.Love_Rosie
"Watermelon (Walsh Family, #1)",https://www.goodreads.com/book/show/9300.Watermelon
Everyone Worth Knowing,https://www.goodreads.com/book/show/29547.Everyone_Worth_Knowing
Chasing Harry Winston,https://www.goodreads.com/book/show/426775.Chasing_Harry_Winston
Sushi for Beginners,https://www.goodreads.com/book/show/82748.Sushi_for_Beginners
"The Kiss Quotient (The Kiss Quotient, #1)",https://www.goodreads.com/book/show/36199084-the-kiss-quotient
People We Meet on Vacation,https://www.goodreads.com/book/show/54985743-people-we-meet-on-vacation
"Anna and the French Kiss (Anna and the French Kiss, #1)",https://www.goodreads.com/book/show/6936382-anna-and-the-french-kiss
The Husband's Secret,https://www.goodreads.com/book/show/17802724-the-husband-s-secret
"One for the Money (Stephanie Plum, #1)",https://www.goodreads.com/book/show/6853.One_for_the_Money
Bet Me,https://www.goodreads.com/book/show/854757.Bet_Me
What Alice Forgot,https://www.goodreads.com/book/show/6469165-what-alice-forgot
"Fifty Shades of Grey (Fifty Shades, #1)",https://www.goodreads.com/book/show/10818853-fifty-shades-of-grey
Heart of the Matter,https://www.goodreads.com/book/show/7114761-heart-of-the-matter
"Austenland (Austenland, #1)",https://www.goodreads.com/book/show/248483.Austenland
Little Earthquakes,https://www.goodreads.com/book/show/80536.Little_Earthquakes
"The Rosie Project (Don Tillman, #1)",https://www.goodreads.com/book/show/16181775-the-rosie-project
Book Lovers,https://www.goodreads.com/book/show/58690308-book-lovers
My Sister's Keeper,https://www.goodreads.com/book/show/10917.My_Sister_s_Keeper
"Rachel's Holiday (Walsh Family, #2)",https://www.goodreads.com/book/show/9301.Rachel_s_Holiday
One Day in December,https://www.goodreads.com/book/show/38255337-one-day-in-december
The Time Traveler's Wife,https://www.goodreads.com/book/show/18619684-the-time-traveler-s-wife
Mr. Maybe,https://www.goodreads.com/book/show/31101.Mr_Maybe
"Eat, Pray, Love",https://www.goodreads.com/book/show/19501.Eat_Pray_Love
"After You (Me Before You, #2)",https://www.goodreads.com/book/show/27774596-after-you
A Walk to Remember,https://www.goodreads.com/book/show/35545737-a-walk-to-remember
The Help,https://www.goodreads.com/book/show/4667024-the-help
"Firefly Lane (Firefly Lane, #1)",https://www.goodreads.com/book/show/1472878.Firefly_Lane
"Anybody Out There? (Walsh Family, #4)",https://www.goodreads.com/book/show/165030.Anybody_Out_There_
"The Princess Diaries (The Princess Diaries, #1)",https://www.goodreads.com/book/show/38980.The_Princess_Diaries
Where We Belong,https://www.goodreads.com/book/show/12987977-where-we-belong
"Where'd You Go, Bernadette",https://www.goodreads.com/book/show/13526165-where-d-you-go-bernadette
"Size 14 Is Not Fat Either (Heather Wells, #2)",https://www.goodreads.com/book/show/23217.Size_14_Is_Not_Fat_Either
"Boy Meets Girl (Boy, #2)",https://www.goodreads.com/book/show/93723.Boy_Meets_Girl
I Owe You One,https://www.goodreads.com/book/show/40702156-i-owe-you-one
The Love Hypothesis,https://www.goodreads.com/book/show/56732449-the-love-hypothesis
"Mad About the Boy (Bridget Jones, #3)",https://www.goodreads.com/book/show/17262155-mad-about-the-boy
Lucy Sullivan Is Getting Married,https://www.goodreads.com/book/show/9303.Lucy_Sullivan_Is_Getting_Married
"Queen of Babble in the Big City (Queen of Babble, #2)",https://www.goodreads.com/book/show/199782.Queen_of_Babble_in_the_Big_City
Goodnight Nobody,https://www.goodreads.com/book/show/14756.Goodnight_Nobody
The Bookish Life of Nina Hill,https://www.goodreads.com/book/show/42379022-the-bookish-life-of-nina-hill
The Other Side of the Story,https://www.goodreads.com/book/show/41014305-the-other-side-of-the-story
Best Friends Forever,https://www.goodreads.com/book/show/6066819-best-friends-forever
"Twilight (The Twilight Saga, #1)",https://www.goodreads.com/book/show/41865.Twilight
"Every Boy's Got One (Boy, #3)",https://www.goodreads.com/book/show/23223.Every_Boy_s_Got_One
Bookends,https://www.goodreads.com/book/show/22649.Bookends
Last Chance Saloon,https://www.goodreads.com/book/show/9298.Last_Chance_Saloon
"Wallbanger (Cocktail, #1)",https://www.goodreads.com/book/show/15858248-wallbanger
"Queen of Babble Gets Hitched (Queen of Babble, #3)",https://www.goodreads.com/book/show/2068676.Queen_of_Babble_Gets_Hitched
One Plus One,https://www.goodreads.com/book/show/23359964-one-plus-one
Surprise Me,https://www.goodreads.com/book/show/35411583-surprise-me
"Certain Girls (Cannie Shapiro, #2)",https://www.goodreads.com/book/show/421549.Certain_Girls
"Fifty Shades Darker (Fifty Shades, #2)",https://www.goodreads.com/book/show/11857408-fifty-shades-darker
"To All the Boys I've Loved Before (To All the Boys I've Loved Before, #1)",https://www.goodreads.com/book/show/15749186-to-all-the-boys-i-ve-loved-before
Landline,https://www.goodreads.com/book/show/18081809-landline
"The Wedding Date (The Wedding Date, #1)",https://www.goodreads.com/book/show/33815781-the-wedding-date
Fangirl,https://www.goodreads.com/book/show/16068905-fangirl
Cocktails for Three,https://www.goodreads.com/book/show/129645.Cocktails_for_Three
"The Bookshop on the Corner (Kirrinfief, #1)",https://www.goodreads.com/book/show/28372019-the-bookshop-on-the-corner
Dear John,https://www.goodreads.com/book/show/5526.Dear_John
"Big Boned (Heather Wells, #3)",https://www.goodreads.com/book/show/207687.Big_Boned
"China Rich Girlfriend (Crazy Rich Asians, #2)",https://www.goodreads.com/book/show/22674105-china-rich-girlfriend
The Girls' Guide to Hunting and Fishing,https://www.goodreads.com/book/show/33926.The_Girls_Guide_to_Hunting_and_Fishing
"The Friday Night Knitting Club (Friday Night Knitting Club, #1)",https://www.goodreads.com/book/show/17204.The_Friday_Night_Knitting_Club
"Two for the Dough (Stephanie Plum, #2)",https://www.goodreads.com/book/show/6427.Two_for_the_Dough
"Fifty Shades Freed (Fifty Shades, #3)",https://www.goodreads.com/book/show/13536860-fifty-shades-freed
The Jane Austen Book Club,https://www.goodreads.com/book/show/2152.The_Jane_Austen_Book_Club
"The Royal We (Royal We, #1)",https://www.goodreads.com/book/show/22875451-the-royal-we
"It Ends with Us (It Ends with Us, #1)",https://www.goodreads.com/book/show/27362503-it-ends-with-us
"Shopaholic to the Stars (Shopaholic, #7)",https://www.goodreads.com/book/show/21064599-shopaholic-to-the-stars
"Angels (Walsh Family, #3)",https://www.goodreads.com/book/show/82747.Angels
The Last Song,https://www.goodreads.com/book/show/6400090-the-last-song
"The Little Lady Agency (The Little Lady Agency, #1)",https://www.goodreads.com/book/show/137098.The_Little_Lady_Agency
"Revenge Wears Prada: The Devil Returns (The Devil Wears Prada, #2)",https://www.goodreads.com/book/show/16130307-revenge-wears-prada
Sex and the City,https://www.goodreads.com/book/show/7455.Sex_and_the_City
Bergdorf Blondes,https://www.goodreads.com/book/show/381704.Bergdorf_Blondes
This Charming Man,https://www.goodreads.com/book/show/2334751.This_Charming_Man
One Day,https://www.goodreads.com/book/show/6280118-one-day
Truly Madly Guilty,https://www.goodreads.com/book/show/26247008-truly-madly-guilty
Maybe in Another Life,https://www.goodreads.com/book/show/23492661-maybe-in-another-life
Summer Sisters,https://www.goodreads.com/book/show/22695.Summer_Sisters
"Lola and the Boy Next Door (Anna and the French Kiss, #2)",https://www.goodreads.com/book/show/9961796-lola-and-the-boy-next-door
"I Heart New York (I Heart, #1)",https://www.goodreads.com/book/show/6202661-i-heart-new-york
"The Second Summer of the Sisterhood (Sisterhood, #2)",https://www.goodreads.com/book/show/5454.The_Second_Summer_of_the_Sisterhood
The Seven Husbands of Evelyn Hugo,https://www.goodreads.com/book/show/32620332-the-seven-husbands-of-evelyn-hugo
Safe Haven,https://www.goodreads.com/book/show/40603730-safe-haven
"Neanderthal Seeks Human (Knitting in the City, #1)",https://www.goodreads.com/book/show/52422311-neanderthal-seeks-human
The Switch,https://www.goodreads.com/book/show/45134200-the-switch
"Three to Get Deadly (Stephanie Plum, #3)",https://www.goodreads.com/book/show/6854.Three_to_Get_Deadly
Thanks for the Memories,https://www.goodreads.com/book/show/2410506.Thanks_for_the_Memories
"Garden Spells (Waverley Family, #1)",https://www.goodreads.com/book/show/1158967.Garden_Spells
The Wedding Girl,https://www.goodreads.com/book/show/474634.The_Wedding_Girl
"Get a Life, Chloe Brown (The Brown Sisters, #1)",https://www.goodreads.com/book/show/43884209-get-a-life-chloe-brown
Swapping Lives,https://www.goodreads.com/book/show/31098.Swapping_Lives
The Truth About Forever,https://www.goodreads.com/book/show/51737.The_Truth_About_Forever
Pride and Prejudice,https://www.goodreads.com/book/show/1885.Pride_and_Prejudice
"Four to Score (Stephanie Plum, #4)",https://www.goodreads.com/book/show/6422.Four_to_Score
Last Night at Chateau Marmont,https://www.goodreads.com/book/show/7569223-last-night-at-chateau-marmont
A Girl Like You,https://www.goodreads.com/book/show/9712341-a-girl-like-you
Three Wishes,https://www.goodreads.com/book/show/1466455.Three_Wishes
Evvie Drake Starts Over,https://www.goodreads.com/book/show/40514431-evvie-drake-starts-over
If You Could See Me Now,https://www.goodreads.com/book/show/158119.If_You_Could_See_Me_Now
In Five Years,https://www.goodreads.com/book/show/50093704-in-five-years
The Gatecrasher,https://www.goodreads.com/book/show/1402668.The_Gatecrasher
"The Bride Test (The Kiss Quotient, #2)",https://www.goodreads.com/book/show/39338454-the-bride-test
"New Moon (The Twilight Saga, #2)",https://www.goodreads.com/book/show/49041.New_Moon
The Lucky One,https://www.goodreads.com/book/show/3063499-the-lucky-one
"High Five (Stephanie Plum, #5)",https://www.goodreads.com/book/show/6423.High_Five
"Still Me (Me Before You, #3)",https://www.goodreads.com/book/show/41839602-still-me
Eligible: A Modern Retelling of Pride & Prejudice,https://www.goodreads.com/book/show/25852870-eligible
Babyville,https://www.goodreads.com/book/show/31099.Babyville
One to Watch,https://www.goodreads.com/book/show/53103895-one-to-watch
"Eclipse (The Twilight Saga, #3)",https://www.goodreads.com/book/show/428263.Eclipse
"Rich People Problems (Crazy Rich Asians, #3)",https://www.goodreads.com/book/show/29864343-rich-people-problems
"Seven Up (Stephanie Plum, #7)",https://www.goodreads.com/book/show/6424.Seven_Up
The One & Only,https://www.goodreads.com/book/show/18465657-the-one-only
Then Came You,https://www.goodreads.com/book/show/9758764-then-came-you
In a Holidaze,https://www.goodreads.com/book/show/50892287-in-a-holidaze
"Hot Six (Stephanie Plum, #6)",https://www.goodreads.com/book/show/6858.Hot_Six
Where the Heart Is,https://www.goodreads.com/book/show/5168.Where_the_Heart_Is
Along for the Ride,https://www.goodreads.com/book/show/5664985-along-for-the-ride
Sleeping Arrangements,https://www.goodreads.com/book/show/194086.Sleeping_Arrangements
She Went All the Way,https://www.goodreads.com/book/show/23226.She_Went_All_the_Way
Josh and Hazel's Guide to Not Dating,https://www.goodreads.com/book/show/40189670-josh-and-hazel-s-guide-to-not-dating
The Sugar Queen,https://www.goodreads.com/book/show/11648261-the-sugar-queen
"The Friend Zone (The Friend Zone, #1)",https://www.goodreads.com/book/show/41945163-the-friend-zone
"Girls in Pants: The Third Summer of the Sisterhood (Sisterhood, #3)",https://www.goodreads.com/book/show/5452.Girls_in_Pants
The Other Woman,https://www.goodreads.com/book/show/22686.The_Other_Woman
Lipstick Jungle,https://www.goodreads.com/book/show/6614.Lipstick_Jungle
"Little Beach Street Bakery (Little Beach Street Bakery, #1)",https://www.goodreads.com/book/show/18213783-little-beach-street-bakery
"Beautiful Disaster (Beautiful, #1)",https://www.goodreads.com/book/show/11505797-beautiful-disaster
The Secret Life of Bees,https://www.goodreads.com/book/show/37435.The_Secret_Life_of_Bees
"Bitter Is the New Black: Confessions of a Condescending, Egomaniacal, Self-Centered Smartass, Or, Why You Should Never Carry A Prada Bag to the Unemployment Office",https://www.goodreads.com/book/show/27126.Bitter_Is_the_New_Black
"Well Met (Well Met, #1)",https://www.goodreads.com/book/show/43189874-well-met
Rumour Has It,https://www.goodreads.com/book/show/6104943-rumour-has-it
"The Selection (The Selection, #1)",https://www.goodreads.com/book/show/10507293-the-selection
"It Happened One Summer (Bellinger Sisters, #1)",https://www.goodreads.com/book/show/55659629-it-happened-one-summer
The Peach Keeper,https://www.goodreads.com/book/show/8546358-the-peach-keeper
"Breaking Dawn (The Twilight Saga, #4)",https://www.goodreads.com/book/show/1162543.Breaking_Dawn
"The Spanish Love Deception (Spanish Love Deception, #1)",https://www.goodreads.com/book/show/54189398-the-spanish-love-deception
"Princess in the Spotlight (The Princess Diaries, #2)",https://www.goodreads.com/book/show/439275.Princess_in_the_Spotlight
Four Blondes,https://www.goodreads.com/book/show/6613.Four_Blondes
"Hard Eight (Stephanie Plum, #8)",https://www.goodreads.com/book/show/6425.Hard_Eight
"Angus, Thongs and Full-Frontal Snogging (Confessions of Georgia Nicolson, #1)",https://www.goodreads.com/book/show/402013.Angus_Thongs_and_Full_Frontal_Snogging
Just Listen,https://www.goodreads.com/book/show/51738.Just_Listen
"To the Nines (Stephanie Plum, #9)",https://www.goodreads.com/book/show/40331.To_the_Nines
Second Chance,https://www.goodreads.com/book/show/31106.Second_Chance
The Beach House,https://www.goodreads.com/book/show/2071575.The_Beach_House
One True Loves,https://www.goodreads.com/book/show/27189194-one-true-loves
Fly Away Home,https://www.goodreads.com/book/show/7227174-fly-away-home
The Soulmate Equation,https://www.goodreads.com/book/show/58438593-the-soulmate-equation
Big Summer,https://www.goodreads.com/book/show/52755548-big-summer
"Someday, Someday, Maybe",https://www.goodreads.com/book/show/16071745-someday-someday-maybe
To Have and to Hold,https://www.goodreads.com/book/show/31100.To_Have_and_to_Hold
You Don't Have to Say You Love Me,https://www.goodreads.com/book/show/8471815-you-don-t-have-to-say-you-love-me
The Brightest Star in the Sky,https://www.goodreads.com/book/show/6539596-the-brightest-star-in-the-sky
"The Duke and I (Bridgertons, #1)",https://www.goodreads.com/book/show/110391.The_Duke_and_I
"The Summer I Turned Pretty (Summer, #1)",https://www.goodreads.com/book/show/5821978-the-summer-i-turned-pretty
99 Percent Mine,https://www.goodreads.com/book/show/36300625-99-percent-mine
"All-American Girl (All-American Girl, #1)",https://www.goodreads.com/book/show/19448.All_American_Girl
The Girl Who Chased the Moon,https://www.goodreads.com/book/show/5126859-the-girl-who-chased-the-moon
"Ten Big Ones (Stephanie Plum, #10)",https://www.goodreads.com/book/show/86663.Ten_Big_Ones
"Welcome to Temptation (Dempseys, #1)",https://www.goodreads.com/book/show/33727.Welcome_to_Temptation
"Eleven on Top (Stephanie Plum, #11)",https://www.goodreads.com/book/show/11003.Eleven_on_Top
This Lullaby,https://www.goodreads.com/book/show/22205.This_Lullaby
"Meet Me at the Cupcake Café (Cupcake Café, #1)",https://www.goodreads.com/book/show/10134852-meet-me-at-the-cupcake-caf
Things You Save in a Fire,https://www.goodreads.com/book/show/41150382-things-you-save-in-a-fire
Ugly Love,https://www.goodreads.com/book/show/17788401-ugly-love
"Shoe Addicts Anonymous (Shoe Addict, #1)",https://www.goodreads.com/book/show/1087075.Shoe_Addicts_Anonymous
"Undead and Unwed (Undead, #1)",https://www.goodreads.com/book/show/421129.Undead_and_Unwed
"The Proposal (The Wedding Date, #2)",https://www.goodreads.com/book/show/37584991-the-proposal
One Fifth Avenue,https://www.goodreads.com/book/show/2804776-one-fifth-avenue
"Vision in White (Bride Quartet, #1)",https://www.goodreads.com/book/show/5598113-vision-in-white
"Shopaholic to the Rescue (Shopaholic, #8)",https://www.goodreads.com/book/show/25809756-shopaholic-to-the-rescue
"P.S. I Still Love You (To All the Boys I've Loved Before, #2)",https://www.goodreads.com/book/show/20698530-p-s-i-still-love-you
The Hypnotist's Love Story,https://www.goodreads.com/book/show/23751850-the-hypnotist-s-love-story
"Size 12 and Ready to Rock (Heather Wells, #4)",https://www.goodreads.com/book/show/12968400-size-12-and-ready-to-rock
"Princess in Love (The Princess Diaries, #3)",https://www.goodreads.com/book/show/93728.Princess_in_Love
You Deserve Each Other,https://www.goodreads.com/book/show/50027029-you-deserve-each-other
The Book of Tomorrow,https://www.goodreads.com/book/show/6631792-the-book-of-tomorrow
"When Life Gives You Lululemons (The Devil Wears Prada, #3)",https://www.goodreads.com/book/show/36373647-when-life-gives-you-lululemons
"Gossip Girl (Gossip Girl, #1)",https://www.goodreads.com/book/show/22188.Gossip_Girl
Eleanor Oliphant Is Completely Fine,https://www.goodreads.com/book/show/35900387-eleanor-oliphant-is-completely-fine
"Twelve Sharp (Stephanie Plum, #12)",https://www.goodreads.com/book/show/3507.Twelve_Sharp
"Forever in Blue: The Fourth Summer of the Sisterhood (Sisterhood, #4)",https://www.goodreads.com/book/show/5453.Forever_in_Blue
"The Carrie Diaries (The Carrie Diaries, #1)",https://www.goodreads.com/book/show/7091370-the-carrie-diaries
A Place Called Here,https://www.goodreads.com/book/show/588369.A_Place_Called_Here
Straight Talking,https://www.goodreads.com/book/show/763047.Straight_Talking
If I Never Met You,https://www.goodreads.com/book/show/51213487-if-i-never-met-you
Fried Green Tomatoes at the Whistle Stop Cafe,https://www.goodreads.com/book/show/9375.Fried_Green_Tomatoes_at_the_Whistle_Stop_Cafe
"Lean Mean Thirteen (Stephanie Plum, #13)",https://www.goodreads.com/book/show/40317.Lean_Mean_Thirteen
Nights in Rodanthe,https://www.goodreads.com/book/show/15926.Nights_in_Rodanthe
"The Wedding (The Notebook, #2)",https://www.goodreads.com/book/show/3466.The_Wedding
Love Your Life,https://www.goodreads.com/book/show/53479913-love-your-life
The Single Girl's To-Do List,https://www.goodreads.com/book/show/10049436-the-single-girl-s-to-do-list
The Overdue Life of Amy Byler,https://www.goodreads.com/book/show/42399951-the-overdue-life-of-amy-byler
Nine Perfect Strangers,https://www.goodreads.com/book/show/39280445-nine-perfect-strangers
"The DUFF: Designated Ugly Fat Friend (Hamilton High, #1)",https://www.goodreads.com/book/show/6931356-the-duff
"Fearless Fourteen (Stephanie Plum, #14)",https://www.goodreads.com/book/show/2292384.Fearless_Fourteen
Message in a Bottle,https://www.goodreads.com/book/show/3478.Message_in_a_Bottle
Don't You Forget About Me,https://www.goodreads.com/book/show/34109621-don-t-you-forget-about-me
The Last Anniversary,https://www.goodreads.com/book/show/1282954.The_Last_Anniversary
First Comes Love,https://www.goodreads.com/book/show/26192467-first-comes-love
The Guy Not Taken,https://www.goodreads.com/book/show/14755.The_Guy_Not_Taken
Just the Sexiest Man Alive,https://www.goodreads.com/book/show/3863861-just-the-sexiest-man-alive
"From Notting Hill with Love... Actually (Actually, #1)",https://www.goodreads.com/book/show/7600679-from-notting-hill-with-love-actually
"Finger Lickin' Fifteen (Stephanie Plum, #15)",https://www.goodreads.com/book/show/6048530-finger-lickin-fifteen
"It Had to Be You (Chicago Stars, #1)",https://www.goodreads.com/book/show/73070.It_Had_to_Be_You
Finding Audrey,https://www.goodreads.com/book/show/23305614-finding-audrey
Hissy Fit,https://www.goodreads.com/book/show/648194.Hissy_Fit
The Last Letter from Your Lover,https://www.goodreads.com/book/show/12986521-the-last-letter-from-your-lover
Love and Other Words,https://www.goodreads.com/book/show/36206591-love-and-other-words
The Next Best Thing,https://www.goodreads.com/book/show/13184572-the-next-best-thing
"You Had Me At Hello (You Had Me At Hello, #1)",https://www.goodreads.com/book/show/15733851-you-had-me-at-hello
"Outlander (Outlander, #1)",https://www.goodreads.com/book/show/10964.Outlander
"The Bromance Book Club (Bromance Book Club, #1)",https://www.goodreads.com/book/show/44019067-the-bromance-book-club
Eleanor & Park,https://www.goodreads.com/book/show/15745753-eleanor-park
Summer Rental,https://www.goodreads.com/book/show/9751378-summer-rental
"Princess in Waiting (The Princess Diaries, #4)",https://www.goodreads.com/book/show/93729.Princess_in_Waiting
The Choice,https://www.goodreads.com/book/show/25402194-the-choice
Olivia Joules and the Overactive Imagination,https://www.goodreads.com/book/show/4530.Olivia_Joules_and_the_Overactive_Imagination
"Pretty Little Liars (Pretty Little Liars, #1)",https://www.goodreads.com/book/show/162085.Pretty_Little_Liars
Christmas Shopaholic,https://www.goodreads.com/book/show/43811209-christmas-shopaholic
"Sloppy Firsts (Jessica Darling, #1)",https://www.goodreads.com/book/show/138202.Sloppy_Firsts
"Isla and the Happily Ever After (Anna and the French Kiss, #3)",https://www.goodreads.com/book/show/9627755-isla-and-the-happily-ever-after
"Easy (Contours of the Heart, #1)",https://www.goodreads.com/book/show/16056408-easy
All We Ever Wanted,https://www.goodreads.com/book/show/36344555-all-we-ever-wanted
"Dead Until Dark (Sookie Stackhouse, #1)",https://www.goodreads.com/book/show/301082.Dead_Until_Dark
Lock and Key,https://www.goodreads.com/book/show/1295102.Lock_and_Key
"Enchanted, Inc. (Enchanted, Inc., #1)",https://www.goodreads.com/book/show/603398.Enchanted_Inc_
"Faking It (Dempseys, #2)",https://www.goodreads.com/book/show/33729.Faking_It
"Tangled (Tangled, #1)",https://www.goodreads.com/book/show/18297707-tangled
Nineteen Minutes,https://www.goodreads.com/book/show/14866.Nineteen_Minutes
"Love Walked In (Love Walked In, #1)",https://www.goodreads.com/book/show/115076.Love_Walked_In
"Match Me If You Can (Chicago Stars, #6)",https://www.goodreads.com/book/show/73089.Match_Me_If_You_Can
The Fault in Our Stars,https://www.goodreads.com/book/show/11870085-the-fault-in-our-stars
Practice Makes Perfect,https://www.goodreads.com/book/show/5082599-practice-makes-perfect
The Guardian,https://www.goodreads.com/book/show/15925.The_Guardian
"Explosive Eighteen (Stephanie Plum, #18)",https://www.goodreads.com/book/show/11746513-explosive-eighteen
"Smokin' Seventeen (Stephanie Plum, #17)",https://www.goodreads.com/book/show/11732634-smokin-seventeen
Me and Mr. Darcy,https://www.goodreads.com/book/show/528710.Me_and_Mr_Darcy
The Best of Me,https://www.goodreads.com/book/show/10766509-the-best-of-me
"Sisterhood Everlasting (Sisterhood, #5)",https://www.goodreads.com/book/show/9461872-sisterhood-everlasting
"Fix Her Up (Hot & Hammered, #1)",https://www.goodreads.com/book/show/39854434-fix-her-up
Trading Up,https://www.goodreads.com/book/show/178813.Trading_Up
"The Bride Wore Size 12 (Heather Wells, #5)",https://www.goodreads.com/book/show/17349002-the-bride-wore-size-12
The Pact,https://www.goodreads.com/book/show/10916.The_Pact
"On the Island (On the Island, #1)",https://www.goodreads.com/book/show/15505346-on-the-island
"The Happy Ever After Playlist (The Friend Zone, #2)",https://www.goodreads.com/book/show/50208350-the-happy-ever-after-playlist
Girls in White Dresses,https://www.goodreads.com/book/show/10047589-girls-in-white-dresses
"Sizzling Sixteen (Stephanie Plum, #16)",https://www.goodreads.com/book/show/7023554-sizzling-sixteen
"Princess in Pink (The Princess Diaries, #5)",https://www.goodreads.com/book/show/93731.Princess_in_Pink
My Favorite Half-Night Stand,https://www.goodreads.com/book/show/38357345-my-favorite-half-night-stand
"I'd Tell You I Love You, But Then I'd Have to Kill You (Gallagher Girls, #1)",https://www.goodreads.com/book/show/852470.I_d_Tell_You_I_Love_You_But_Then_I_d_Have_to_Kill_You
"Agnes and the Hitman (The Organization, #0)",https://www.goodreads.com/book/show/384457.Agnes_and_the_Hitman
"I Don't Know How She Does It (Kate Reddy, #1)",https://www.goodreads.com/book/show/39045.I_Don_t_Know_How_She_Does_It
The Girl You Left Behind,https://www.goodreads.com/book/show/18693627-the-girl-you-left-behind
A Bend in the Road,https://www.goodreads.com/book/show/3463.A_Bend_in_the_Road
Barefoot,https://www.goodreads.com/book/show/712313.Barefoot
"The Mystery of Mercy Close (Walsh Family, #5)",https://www.goodreads.com/book/show/12724978-the-mystery-of-mercy-close
An Offer You Can't Refuse,https://www.goodreads.com/book/show/2596345-an-offer-you-can-t-refuse
