Title,URL
Charlotte's Web,https://www.goodreads.com/book/show/24178.Charlotte_s_Web
Where the Wild Things Are,https://www.goodreads.com/book/show/19543.Where_the_Wild_Things_Are
The Giving Tree,https://www.goodreads.com/book/show/370493.The_Giving_Tree
"Harry Potter and the Philosopher’s Stone (Harry Potter, #1)",https://www.goodreads.com/book/show/72193.Harry_Potter_and_the_Philosopher_s_Stone
Green Eggs and Ham,https://www.goodreads.com/book/show/23772.Green_Eggs_and_Ham
"The Lion, the Witch and the Wardrobe (Chronicles of Narnia, #1)",https://www.goodreads.com/book/show/100915.The_Lion_the_Witch_and_the_Wardrobe
Where the Sidewalk Ends,https://www.goodreads.com/book/show/30119.Where_the_Sidewalk_Ends
Matilda,https://www.goodreads.com/book/show/39988.Matilda
"Charlie and the Chocolate Factory (Charlie Bucket, #1)",https://www.goodreads.com/book/show/6310.Charlie_and_the_Chocolate_Factory
"Harry Potter and the Chamber of Secrets (Harry Potter, #2)",https://www.goodreads.com/book/show/15881.Harry_Potter_and_the_Chamber_of_Secrets
The Secret Garden,https://www.goodreads.com/book/show/2998.The_Secret_Garden
"Harry Potter and the Prisoner of Azkaban (Harry Potter, #3)",https://www.goodreads.com/book/show/5.Harry_Potter_and_the_Prisoner_of_Azkaban
The Little Prince,https://www.goodreads.com/book/show/157993.The_Little_Prince
"The Cat in the Hat (The Cat in the Hat, #1)",https://www.goodreads.com/book/show/233093.The_Cat_in_the_Hat
"Harry Potter and the Goblet of Fire (Harry Potter, #4)",https://www.goodreads.com/book/show/6.Harry_Potter_and_the_Goblet_of_Fire
The Very Hungry Caterpillar,https://www.goodreads.com/book/show/4948.The_Very_Hungry_Caterpillar
"A Wrinkle in Time (Time Quintet, #1)",https://www.goodreads.com/book/show/33574273-a-wrinkle-in-time
Goodnight Moon,https://www.goodreads.com/book/show/32929.Goodnight_Moon
James and the Giant Peach,https://www.goodreads.com/book/show/6689.James_and_the_Giant_Peach
"Harry Potter and the Order of the Phoenix (Harry Potter, #5)",https://www.goodreads.com/book/show/2.Harry_Potter_and_the_Order_of_the_Phoenix
"Harry Potter and the Half-Blood Prince (Harry Potter, #6)",https://www.goodreads.com/book/show/1.Harry_Potter_and_the_Half_Blood_Prince
"Harry Potter and the Deathly Hallows (Harry Potter, #7)",https://www.goodreads.com/book/show/136251.Harry_Potter_and_the_Deathly_Hallows
"Oh, the Places You'll Go!",https://www.goodreads.com/book/show/191139.Oh_the_Places_You_ll_Go_
The BFG,https://www.goodreads.com/book/show/6319.The_BFG
"Winnie-the-Pooh (Winnie-the-Pooh, #1)",https://www.goodreads.com/book/show/99107.Winnie_the_Pooh
"Anne of Green Gables (Anne of Green Gables, #1)",https://www.goodreads.com/book/show/8127.Anne_of_Green_Gables
How the Grinch Stole Christmas!,https://www.goodreads.com/book/show/113946.How_the_Grinch_Stole_Christmas_
The Velveteen Rabbit,https://www.goodreads.com/book/show/144974.The_Velveteen_Rabbit
The Lorax,https://www.goodreads.com/book/show/7784.The_Lorax
"The Wonderful Wizard of Oz (Oz, #1)",https://www.goodreads.com/book/show/236093.The_Wonderful_Wizard_of_Oz
The Witches,https://www.goodreads.com/book/show/6327.The_Witches
"The Bad Beginning (A Series of Unfortunate Events, #1)",https://www.goodreads.com/book/show/78411.The_Bad_Beginning
"The Magician's Nephew (Chronicles of Narnia, #6)",https://www.goodreads.com/book/show/65605.The_Magician_s_Nephew
Peter Pan,https://www.goodreads.com/book/show/34268.Peter_Pan
"Little House in the Big Woods (Little House, #1)",https://www.goodreads.com/book/show/8337.Little_House_in_the_Big_Woods
Bridge to Terabithia,https://www.goodreads.com/book/show/40940121-bridge-to-terabithia
The Phantom Tollbooth,https://www.goodreads.com/book/show/378.The_Phantom_Tollbooth
Alice's Adventures in Wonderland / Through the Looking-Glass,https://www.goodreads.com/book/show/24213.Alice_s_Adventures_in_Wonderland_Through_the_Looking_Glass
The Tale of Peter Rabbit,https://www.goodreads.com/book/show/19321.The_Tale_of_Peter_Rabbit
"Holes (Holes, #1)",https://www.goodreads.com/book/show/38709.Holes
If You Give a Mouse a Cookie (If You Give...),https://www.goodreads.com/book/show/767680.If_You_Give_a_Mouse_a_Cookie
"Little House on the Prairie (Little House, #3)",https://www.goodreads.com/book/show/77767.Little_House_on_the_Prairie
A Light in the Attic,https://www.goodreads.com/book/show/30118.A_Light_in_the_Attic
Love You Forever,https://www.goodreads.com/book/show/310259.Love_You_Forever
A Little Princess,https://www.goodreads.com/book/show/3008.A_Little_Princess
"The Lightning Thief (Percy Jackson and the Olympians, #1)",https://www.goodreads.com/book/show/28187.The_Lightning_Thief
"The Voyage of the Dawn Treader (Chronicles of Narnia, #3)",https://www.goodreads.com/book/show/140225.The_Voyage_of_the_Dawn_Treader
Corduroy,https://www.goodreads.com/book/show/231850.Corduroy
"Prince Caspian (Chronicles of Narnia, #2)",https://www.goodreads.com/book/show/121749.Prince_Caspian
Coraline,https://www.goodreads.com/book/show/17061.Coraline
The Wind in the Willows,https://www.goodreads.com/book/show/5659.The_Wind_in_the_Willows
"One Fish, Two Fish, Red Fish, Blue Fish",https://www.goodreads.com/book/show/7770.One_Fish_Two_Fish_Red_Fish_Blue_Fish
"The Giver (The Giver, #1)",https://www.goodreads.com/book/show/3636.The_Giver
Madeline,https://www.goodreads.com/book/show/475339.Madeline
From the Mixed-Up Files of Mrs. Basil E. Frankweiler,https://www.goodreads.com/book/show/3980.From_the_Mixed_Up_Files_of_Mrs_Basil_E_Frankweiler
"Alexander and the Terrible, Horrible, No Good, Very Bad Day",https://www.goodreads.com/book/show/46677.Alexander_and_the_Terrible_Horrible_No_Good_Very_Bad_Day
"Pippi Longstocking (Pippi Långstrump, #1)",https://www.goodreads.com/book/show/19302.Pippi_Longstocking
"The Horse and His Boy (Chronicles of Narnia, #5)",https://www.goodreads.com/book/show/84119.The_Horse_and_His_Boy
"Wonder (Wonder, #1)",https://www.goodreads.com/book/show/11387515-wonder
"Brown Bear, Brown Bear, What Do You See?",https://www.goodreads.com/book/show/759611.Brown_Bear_Brown_Bear_What_Do_You_See_
Are You My Mother?,https://www.goodreads.com/book/show/197084.Are_You_My_Mother_
"The Golden Compass (His Dark Materials, #1)",https://www.goodreads.com/book/show/119322.The_Golden_Compass
The Graveyard Book,https://www.goodreads.com/book/show/2213661.The_Graveyard_Book
"The Chronicles of Narnia (Chronicles of Narnia, #1-7)",https://www.goodreads.com/book/show/11127.The_Chronicles_of_Narnia
The Tale of Despereaux,https://www.goodreads.com/book/show/37190.The_Tale_of_Despereaux
The Polar Express,https://www.goodreads.com/book/show/420282.The_Polar_Express
"The Silver Chair (Chronicles of Narnia, #4)",https://www.goodreads.com/book/show/65641.The_Silver_Chair
Island of the Blue Dolphins,https://www.goodreads.com/book/show/41044096-island-of-the-blue-dolphins
The True Story of the 3 Little Pigs,https://www.goodreads.com/book/show/125507.The_True_Story_of_the_3_Little_Pigs
Number the Stars,https://www.goodreads.com/book/show/47281.Number_the_Stars
"The Last Battle (Chronicles of Narnia, #7)",https://www.goodreads.com/book/show/84369.The_Last_Battle
Where the Red Fern Grows,https://www.goodreads.com/book/show/10365.Where_the_Red_Fern_Grows
Heidi,https://www.goodreads.com/book/show/93.Heidi
Fantastic Mr. Fox,https://www.goodreads.com/book/show/6693.Fantastic_Mr_Fox
Horton Hears a Who!,https://www.goodreads.com/book/show/7779.Horton_Hears_a_Who_
"The Reptile Room (A Series of Unfortunate Events, #2)",https://www.goodreads.com/book/show/78418.The_Reptile_Room
"Harold and the Purple Crayon (Harold, #1)",https://www.goodreads.com/book/show/98573.Harold_and_the_Purple_Crayon
Chicka Chicka Boom Boom,https://www.goodreads.com/book/show/293595.Chicka_Chicka_Boom_Boom
Stuart Little,https://www.goodreads.com/book/show/138959.Stuart_Little
"The Hobbit (The Lord of the Rings, #0)",https://www.goodreads.com/book/show/5907.The_Hobbit
"Mrs. Frisby and the Rats of NIMH (Rats of NIMH, #1)",https://www.goodreads.com/book/show/9822.Mrs_Frisby_and_the_Rats_of_NIMH
Guess How Much I Love You,https://www.goodreads.com/book/show/301736.Guess_How_Much_I_Love_You
The Little Engine That Could,https://www.goodreads.com/book/show/824204.The_Little_Engine_That_Could
Because of Winn-Dixie,https://www.goodreads.com/book/show/357664.Because_of_Winn_Dixie
"Mary Poppins (Mary Poppins, #1)",https://www.goodreads.com/book/show/152380.Mary_Poppins
"Ella Enchanted (Ella Enchanted, #1)",https://www.goodreads.com/book/show/24337.Ella_Enchanted
The Monster at the End of this Book,https://www.goodreads.com/book/show/44186.The_Monster_at_the_End_of_this_Book
"Cloudy With a Chance of Meatballs (Cloudy with a Chance of Meatballs, #1)",https://www.goodreads.com/book/show/8073.Cloudy_With_a_Chance_of_Meatballs
"The Snowy Day (Peter, #1)",https://www.goodreads.com/book/show/310258.The_Snowy_Day
The Tales of Beedle the Bard,https://www.goodreads.com/book/show/3950967-the-tales-of-beedle-the-bard
Curious George,https://www.goodreads.com/book/show/420297.Curious_George
The Twits,https://www.goodreads.com/book/show/31456.The_Twits
Make Way for Ducklings,https://www.goodreads.com/book/show/29291.Make_Way_for_Ducklings
"The Wide Window (A Series of Unfortunate Events, #3)",https://www.goodreads.com/book/show/438492.The_Wide_Window
Black Beauty,https://www.goodreads.com/book/show/3685.Black_Beauty
"Charlie and the Great Glass Elevator (Charlie Bucket, #2)",https://www.goodreads.com/book/show/6687.Charlie_and_the_Great_Glass_Elevator
"The Boxcar Children (The Boxcar Children, #1)",https://www.goodreads.com/book/show/297249.The_Boxcar_Children
Alice's Adventures in Wonderland,https://www.goodreads.com/book/show/60671823-alice-s-adventures-in-wonderland
Tuck Everlasting,https://www.goodreads.com/book/show/84981.Tuck_Everlasting
The Invention of Hugo Cabret,https://www.goodreads.com/book/show/9673436-the-invention-of-hugo-cabret
The Rainbow Fish,https://www.goodreads.com/book/show/766020.The_Rainbow_Fish
Little Women,https://www.goodreads.com/book/show/1934.Little_Women
Don't Let the Pigeon Drive the Bus!,https://www.goodreads.com/book/show/191113.Don_t_Let_the_Pigeon_Drive_the_Bus_
The Night Before Christmas,https://www.goodreads.com/book/show/196970.The_Night_Before_Christmas
"On the Banks of Plum Creek (Little House, #4)",https://www.goodreads.com/book/show/7882.On_the_Banks_of_Plum_Creek
"The Borrowers (The Borrowers, #1)",https://www.goodreads.com/book/show/348573.The_Borrowers
The Stinky Cheese Man and Other Fairly Stupid Tales,https://www.goodreads.com/book/show/407429.The_Stinky_Cheese_Man_and_Other_Fairly_Stupid_Tales
"The Sea of Monsters (Percy Jackson and the Olympians, #2)",https://www.goodreads.com/book/show/28186.The_Sea_of_Monsters
"Amelia Bedelia  (Amelia Bedelia, #1)",https://www.goodreads.com/book/show/774001.Amelia_Bedelia
"Beezus and Ramona (Ramona, #1)",https://www.goodreads.com/book/show/91244.Beezus_and_Ramona
"The Miserable Mill (A Series of Unfortunate Events, #4)",https://www.goodreads.com/book/show/65119.The_Miserable_Mill
"Frog and Toad Are Friends (Frog and Toad, #1)",https://www.goodreads.com/book/show/537296.Frog_and_Toad_Are_Friends
"Go, Dog. Go!",https://www.goodreads.com/book/show/460548.Go_Dog_Go_
The Story of Ferdinand,https://www.goodreads.com/book/show/773951.The_Story_of_Ferdinand
The One and Only Ivan: A Newbery Award Winner,https://www.goodreads.com/book/show/11594337-the-one-and-only-ivan
"The Mysterious Benedict Society (The Mysterious Benedict Society, #1)",https://www.goodreads.com/book/show/40605329-the-mysterious-benedict-society
Stellaluna,https://www.goodreads.com/book/show/786256.Stellaluna
"Artemis Fowl (Artemis Fowl, #1)",https://www.goodreads.com/book/show/249747.Artemis_Fowl
"The House at Pooh Corner (Winnie-the-Pooh, #2)",https://www.goodreads.com/book/show/776407.The_House_at_Pooh_Corner
Fox in Socks,https://www.goodreads.com/book/show/105551.Fox_in_Socks
The Adventures of Tom Sawyer,https://www.goodreads.com/book/show/24583.The_Adventures_of_Tom_Sawyer
Hop On Pop,https://www.goodreads.com/book/show/206962.Hop_On_Pop
"The Mouse and the Motorcycle (Ralph S. Mouse, #1)",https://www.goodreads.com/book/show/232109.The_Mouse_and_the_Motorcycle
"The Austere Academy (A Series of Unfortunate Events, #5)",https://www.goodreads.com/book/show/131123.The_Austere_Academy
Harriet the Spy,https://www.goodreads.com/book/show/232576.Harriet_the_Spy
"Howl’s Moving Castle (Howl’s Moving Castle, #1)",https://www.goodreads.com/book/show/6294.Howl_s_Moving_Castle
The Day the Crayons Quit,https://www.goodreads.com/book/show/16101018-the-day-the-crayons-quit
"Diary of a Wimpy Kid (Diary of a Wimpy Kid, #1)",https://www.goodreads.com/book/show/389627.Diary_of_a_Wimpy_Kid
"Sarah, Plain and Tall (Sarah, Plain and Tall, #1)",https://www.goodreads.com/book/show/106264.Sarah_Plain_and_Tall
"Caps for Sale: A Tale of a Peddler, Some Monkeys and Their Monkey Business",https://www.goodreads.com/book/show/775597.Caps_for_Sale
Blueberries for Sal,https://www.goodreads.com/book/show/133526.Blueberries_for_Sal
"Are You There God? It's Me, Margaret",https://www.goodreads.com/book/show/37732.Are_You_There_God_It_s_Me_Margaret
"Inkheart (Inkworld, #1)",https://www.goodreads.com/book/show/28194.Inkheart
"Tales of a Fourth Grade Nothing (Fudge, #1)",https://www.goodreads.com/book/show/37741.Tales_of_a_Fourth_Grade_Nothing
Alice in Wonderland,https://www.goodreads.com/book/show/13023.Alice_in_Wonderland
"Hatchet (Brian's Saga, #1)",https://www.goodreads.com/book/show/50.Hatchet
"The Titan's Curse (Percy Jackson and the Olympians, #3)",https://www.goodreads.com/book/show/561456.The_Titan_s_Curse
The Mitten,https://www.goodreads.com/book/show/967494.The_Mitten
The Poky Little Puppy,https://www.goodreads.com/book/show/505304.The_Poky_Little_Puppy
George's Marvellous Medicine,https://www.goodreads.com/book/show/74532.George_s_Marvellous_Medicine
"Farmer Boy (Little House, #2)",https://www.goodreads.com/book/show/8252.Farmer_Boy
Falling Up,https://www.goodreads.com/book/show/30120.Falling_Up
The Miraculous Journey of Edward Tulane,https://www.goodreads.com/book/show/37186.The_Miraculous_Journey_of_Edward_Tulane
"The Ersatz Elevator (A Series of Unfortunate Events, #6)",https://www.goodreads.com/book/show/172327.The_Ersatz_Elevator
"The Indian in the Cupboard (The Indian in the Cupboard, #1)",https://www.goodreads.com/book/show/125404.The_Indian_in_the_Cupboard
"Fortunately, the Milk",https://www.goodreads.com/book/show/17349203-fortunately-the-milk
The Westing Game,https://www.goodreads.com/book/show/902.The_Westing_Game
"The Long Winter (Little House, #6)",https://www.goodreads.com/book/show/8282.The_Long_Winter
"Sideways Stories from Wayside School (Wayside School, #1)",https://www.goodreads.com/book/show/15779.Sideways_Stories_from_Wayside_School
"A Bear Called Paddington (Paddington, #1)",https://www.goodreads.com/book/show/160629.A_Bear_Called_Paddington
"Click, Clack, Moo: Cows That Type",https://www.goodreads.com/book/show/766955.Click_Clack_Moo
Treasure Island,https://www.goodreads.com/book/show/295.Treasure_Island
"The Vile Village (A Series of Unfortunate Events, #7)",https://www.goodreads.com/book/show/150037.The_Vile_Village
"The Battle of the Labyrinth (Percy Jackson and the Olympians, #4)",https://www.goodreads.com/book/show/2120932.The_Battle_of_the_Labyrinth
Strega Nona,https://www.goodreads.com/book/show/581409.Strega_Nona
"By the Shores of Silver Lake  (Little House, #5)",https://www.goodreads.com/book/show/8248.By_the_Shores_of_Silver_Lake
"Bunnicula (Bunnicula, #1)",https://www.goodreads.com/book/show/281235.Bunnicula
"The Little House Collection (Little House, #1-9)",https://www.goodreads.com/book/show/114345.The_Little_House_Collection
Mr. Popper's Penguins,https://www.goodreads.com/book/show/61549.Mr_Popper_s_Penguins
"The Last Olympian (Percy Jackson and the Olympians, #5)",https://www.goodreads.com/book/show/4556058-the-last-olympian
"Little Town on the Prairie  (Little House, #7)",https://www.goodreads.com/book/show/8253.Little_Town_on_the_Prairie
The Trumpet of the Swan,https://www.goodreads.com/book/show/24335.The_Trumpet_of_the_Swan
The Runaway Bunny,https://www.goodreads.com/book/show/58922.The_Runaway_Bunny
"The Subtle Knife (His Dark Materials, #2)",https://www.goodreads.com/book/show/41637836-the-subtle-knife
"Anne of Avonlea (Anne of Green Gables, #2)",https://www.goodreads.com/book/show/77390.Anne_of_Avonlea
"Miss Nelson Is Missing! (Miss Nelson, #1)",https://www.goodreads.com/book/show/147732.Miss_Nelson_Is_Missing_
The Witch of Blackbird Pond,https://www.goodreads.com/book/show/703292.The_Witch_of_Blackbird_Pond
"Ramona the Pest (Ramona, #2)",https://www.goodreads.com/book/show/78039.Ramona_the_Pest
The Neverending Story,https://www.goodreads.com/book/show/27712.The_Neverending_Story
"The Carnivorous Carnival (A Series of Unfortunate Events, #9)",https://www.goodreads.com/book/show/324277.The_Carnivorous_Carnival
"The Hostile Hospital (A Series of Unfortunate Events, #8)",https://www.goodreads.com/book/show/65118.The_Hostile_Hospital
"The Slippery Slope (A Series of Unfortunate Events, #10)",https://www.goodreads.com/book/show/297792.The_Slippery_Slope
The Paper Bag Princess,https://www.goodreads.com/book/show/240130.The_Paper_Bag_Princess
"The Penderwicks: A Summer Tale of Four Sisters, Two Rabbits, and a Very Interesting Boy (The Penderwicks, #1)",https://www.goodreads.com/book/show/266904.The_Penderwicks
The Sneetches and Other Stories,https://www.goodreads.com/book/show/105549.The_Sneetches_and_Other_Stories
The Adventures of Huckleberry Finn,https://www.goodreads.com/book/show/2956.The_Adventures_of_Huckleberry_Finn
"These Happy Golden Years (Little House, #8)",https://www.goodreads.com/book/show/77770.These_Happy_Golden_Years
Mr. Brown Can Moo! Can You?,https://www.goodreads.com/book/show/105552.Mr_Brown_Can_Moo_Can_You_
"Ramona Quimby, Age 8 (Ramona, #6)",https://www.goodreads.com/book/show/91253.Ramona_Quimby_Age_8
"The Grim Grotto (A Series of Unfortunate Events, #11)",https://www.goodreads.com/book/show/65111.The_Grim_Grotto
"The Story of Babar (Babar, #1)",https://www.goodreads.com/book/show/356321.The_Story_of_Babar
"The Penultimate Peril (A Series of Unfortunate Events, #12)",https://www.goodreads.com/book/show/65110.The_Penultimate_Peril
Clifford the Big Red Dog,https://www.goodreads.com/book/show/858719.Clifford_the_Big_Red_Dog
Mike Mulligan and His Steam Shovel,https://www.goodreads.com/book/show/153542.Mike_Mulligan_and_His_Steam_Shovel
"The End (A Series of Unfortunate Events, #13)",https://www.goodreads.com/book/show/65112.The_End
"Through the Looking-Glass and What Alice Found There (Alice's Adventures in Wonderland, #2)",https://www.goodreads.com/book/show/83346.Through_the_Looking_Glass_and_What_Alice_Found_There
"Olivia (Olivia, #1)",https://www.goodreads.com/book/show/770051.Olivia
The Complete Grimm's Fairy Tales,https://www.goodreads.com/book/show/22917.The_Complete_Grimm_s_Fairy_Tales
"The Amber Spyglass (His Dark Materials, #3)",https://www.goodreads.com/book/show/18122.The_Amber_Spyglass
"Watership Down (Watership Down, #1)",https://www.goodreads.com/book/show/76620.Watership_Down
"The Cricket in Times Square (Chester Cricket and His Friends, #1)",https://www.goodreads.com/book/show/24384.The_Cricket_in_Times_Square
Dr. Seuss's ABC: An Amazing Alphabet Book!,https://www.goodreads.com/book/show/17797344-dr-seuss-s-abc
"A Wind in the Door (Time Quintet, #2)",https://www.goodreads.com/book/show/18130.A_Wind_in_the_Door
Danny the Champion of the World,https://www.goodreads.com/book/show/6690.Danny_the_Champion_of_the_World
"Mrs. Piggle-Wiggle (Mrs. Piggle Wiggle, #1)",https://www.goodreads.com/book/show/25051.Mrs_Piggle_Wiggle
Walk Two Moons,https://www.goodreads.com/book/show/53496.Walk_Two_Moons
If You Give a Moose a Muffin,https://www.goodreads.com/book/show/826584.If_You_Give_a_Moose_a_Muffin
We're Going on a Bear Hunt,https://www.goodreads.com/book/show/201126.We_re_Going_on_a_Bear_Hunt
There's a Wocket in My Pocket!,https://www.goodreads.com/book/show/310272.There_s_a_Wocket_in_My_Pocket_
Tikki Tikki Tembo,https://www.goodreads.com/book/show/551876.Tikki_Tikki_Tembo
"My Side of the Mountain (Mountain, #1)",https://www.goodreads.com/book/show/41667.My_Side_of_the_Mountain
I Want My Hat Back,https://www.goodreads.com/book/show/11233988-i-want-my-hat-back
Fantastic Beasts and Where to Find Them (Hogwarts Library),https://www.goodreads.com/book/show/41899.Fantastic_Beasts_and_Where_to_Find_Them
The Railway Children,https://www.goodreads.com/book/show/164531.The_Railway_Children
"Knuffle Bunny: A Cautionary Tale (Knuffle Bunny, #1)",https://www.goodreads.com/book/show/490867.Knuffle_Bunny
When You Reach Me,https://www.goodreads.com/book/show/5310515-when-you-reach-me
If You Give a Pig a Pancake,https://www.goodreads.com/book/show/826585.If_You_Give_a_Pig_a_Pancake
"The Book of Three (The Chronicles of Prydain, #1)",https://www.goodreads.com/book/show/24780.The_Book_of_Three
"The City of Ember (Book of Ember, #1)",https://www.goodreads.com/book/show/307791.The_City_of_Ember
Maniac Magee,https://www.goodreads.com/book/show/139463.Maniac_Magee
The Jungle Book,https://www.goodreads.com/book/show/77270.The_Jungle_Book
The Girl Who Drank the Moon,https://www.goodreads.com/book/show/28110852-the-girl-who-drank-the-moon
"Little Bear (Little Bear, #1)",https://www.goodreads.com/book/show/201146.Little_Bear
Harry the Dirty Dog,https://www.goodreads.com/book/show/857448.Harry_the_Dirty_Dog
Sylvester and the Magic Pebble,https://www.goodreads.com/book/show/457762.Sylvester_and_the_Magic_Pebble
The Napping House,https://www.goodreads.com/book/show/815234.The_Napping_House
Horton Hatches the Egg,https://www.goodreads.com/book/show/11301.Horton_Hatches_the_Egg
The Complete Fairy Tales,https://www.goodreads.com/book/show/46306.The_Complete_Fairy_Tales
The Kissing Hand,https://www.goodreads.com/book/show/18419.The_Kissing_Hand
Flora & Ulysses: The Illuminated Adventures,https://www.goodreads.com/book/show/16052012-flora-ulysses
"Superfudge (Fudge, #3)",https://www.goodreads.com/book/show/80674.Superfudge
"The Cat in the Hat Comes Back (The Cat in the Hat, #2)",https://www.goodreads.com/book/show/667234.The_Cat_in_the_Hat_Comes_Back
The Hundred Dresses,https://www.goodreads.com/book/show/42369.The_Hundred_Dresses
"The Best Christmas Pageant Ever (The Herdmans, #1)",https://www.goodreads.com/book/show/239810.The_Best_Christmas_Pageant_Ever
"The Field Guide (The Spiderwick Chronicles, #1)",https://www.goodreads.com/book/show/444304.The_Field_Guide
"The Gruffalo (Gruffalo, #1)",https://www.goodreads.com/book/show/1013383.The_Gruffalo
"Redwall (Redwall, #1)",https://www.goodreads.com/book/show/7996.Redwall
Frindle,https://www.goodreads.com/book/show/439173.Frindle
Aesop's Fables,https://www.goodreads.com/book/show/21348.Aesop_s_Fables
"The War That Saved My Life (The War That Saved My Life, #1)",https://www.goodreads.com/book/show/20912424-the-war-that-saved-my-life
"Anne of the Island (Anne of Green Gables, #3)",https://www.goodreads.com/book/show/77392.Anne_of_the_Island
Chrysanthemum,https://www.goodreads.com/book/show/858513.Chrysanthemum
The Little House,https://www.goodreads.com/book/show/153540.The_Little_House
The Foot Book: Dr. Seuss's Wacky Book of Opposites,https://www.goodreads.com/book/show/105548.The_Foot_Book
"Caddie Woodlawn (Caddie Woodlawn, #1)",https://www.goodreads.com/book/show/205821.Caddie_Woodlawn
"Ramona the Brave (Ramona, #3)",https://www.goodreads.com/book/show/91248.Ramona_the_Brave
The Book with No Pictures,https://www.goodreads.com/book/show/20821299-the-book-with-no-pictures
"Frog and Toad Together (Frog and Toad, #2)",https://www.goodreads.com/book/show/94803.Frog_and_Toad_Together
"Roll of Thunder, Hear My Cry (Logans, #4)",https://www.goodreads.com/book/show/310459.Roll_of_Thunder_Hear_My_Cry
The Magic Finger,https://www.goodreads.com/book/show/6670.The_Magic_Finger
Just So Stories,https://www.goodreads.com/book/show/34053.Just_So_Stories
"The Lost Hero (The Heroes of Olympus, #1)",https://www.goodreads.com/book/show/7736182-the-lost-hero
"Good Night, Gorilla",https://www.goodreads.com/book/show/773276.Good_Night_Gorilla
Ballet Shoes,https://www.goodreads.com/book/show/10444.Ballet_Shoes
"Pollyanna (Pollyanna, #1)",https://www.goodreads.com/book/show/1000751.Pollyanna
Yertle the Turtle and Other Stories,https://www.goodreads.com/book/show/420404.Yertle_the_Turtle_and_Other_Stories
"Harry Potter and the Cursed Child: Parts One and Two (Harry Potter, #8)",https://www.goodreads.com/book/show/29056083-harry-potter-and-the-cursed-child
"No, David!",https://www.goodreads.com/book/show/1062516.No_David_
A Bad Case of Stripes,https://www.goodreads.com/book/show/474858.A_Bad_Case_of_Stripes
The Complete Tales,https://www.goodreads.com/book/show/19330.The_Complete_Tales
"Escape from Mr. Lemoncello's Library (Mr. Lemoncello's Library, #1)",https://www.goodreads.com/book/show/16054808-escape-from-mr-lemoncello-s-library
"Misty of Chincoteague (Misty, #1)",https://www.goodreads.com/book/show/17461.Misty_of_Chincoteague
Esio Trot,https://www.goodreads.com/book/show/194755.Esio_Trot
This Is Not My Hat,https://www.goodreads.com/book/show/13531024-this-is-not-my-hat
"The First Four Years  (Little House, #9)",https://www.goodreads.com/book/show/8296.The_First_Four_Years
"Bud, Not Buddy",https://www.goodreads.com/book/show/368468.Bud_Not_Buddy
"Dinosaurs Before Dark (Magic Tree House, #1)",https://www.goodreads.com/book/show/824734.Dinosaurs_Before_Dark
Owl Moon,https://www.goodreads.com/book/show/228696.Owl_Moon
Last Stop on Market Street,https://www.goodreads.com/book/show/22521973-last-stop-on-market-street
And to Think That I Saw It on Mulberry Street,https://www.goodreads.com/book/show/28351.And_to_Think_That_I_Saw_It_on_Mulberry_Street
"Peter and the Starcatchers (Peter and the Starcatchers, #1)",https://www.goodreads.com/book/show/34262.Peter_and_the_Starcatchers
Esperanza Rising,https://www.goodreads.com/book/show/89763.Esperanza_Rising
"Half Magic (Tales of Magic, #1)",https://www.goodreads.com/book/show/225038.Half_Magic
"My Father's Dragon (My Father's Dragon, #1)",https://www.goodreads.com/book/show/34898.My_Father_s_Dragon
"Wayside School Is Falling Down (Wayside School, #2)",https://www.goodreads.com/book/show/10065.Wayside_School_Is_Falling_Down
Miss Rumphius,https://www.goodreads.com/book/show/334818.Miss_Rumphius
Bread and Jam for Frances,https://www.goodreads.com/book/show/911579.Bread_and_Jam_for_Frances
Pinocchio,https://www.goodreads.com/book/show/180617.Pinocchio
"A Swiftly Tilting Planet (Time Quintet, #3)",https://www.goodreads.com/book/show/77276.A_Swiftly_Tilting_Planet
"The Girl Who Circumnavigated Fairyland in a Ship of Her Own Making (Fairyland, #1)",https://www.goodreads.com/book/show/9591398-the-girl-who-circumnavigated-fairyland-in-a-ship-of-her-own-making
Where the Mountain Meets the Moon,https://www.goodreads.com/book/show/5983694-where-the-mountain-meets-the-moon
Llama Llama Red Pajama,https://www.goodreads.com/book/show/401679.Llama_Llama_Red_Pajama
"Dealing with Dragons (Enchanted Forest Chronicles, #1)",https://www.goodreads.com/book/show/150739.Dealing_with_Dragons
"Shiloh (Shiloh, #1)",https://www.goodreads.com/book/show/207153.Shiloh
"You Are Special (Wemmicksville, #1)",https://www.goodreads.com/book/show/56728.You_Are_Special
Put Me in the Zoo,https://www.goodreads.com/book/show/413158.Put_Me_in_the_Zoo
Stone Soup,https://www.goodreads.com/book/show/193093.Stone_Soup
Quidditch Through the Ages (Hogwarts Library),https://www.goodreads.com/book/show/111450.Quidditch_Through_the_Ages
The Story About Ping,https://www.goodreads.com/book/show/189182.The_Story_About_Ping
"Julie of the Wolves (Julie of the Wolves, #1)",https://www.goodreads.com/book/show/386286.Julie_of_the_Wolves
Wonderstruck,https://www.goodreads.com/book/show/10128428-wonderstruck
"Eragon (The Inheritance Cycle, #1)",https://www.goodreads.com/book/show/113436.Eragon
"Moo, Baa, La La La!",https://www.goodreads.com/book/show/4600.Moo_Baa_La_La_La_
"Polar Bear, Polar Bear, What Do You Hear?",https://www.goodreads.com/book/show/598160.Polar_Bear_Polar_Bear_What_Do_You_Hear_
The Thief Lord,https://www.goodreads.com/book/show/113304.The_Thief_Lord
"The Little Mouse, the Red Ripe Strawberry, and the Big Hungry Bear",https://www.goodreads.com/book/show/682920.The_Little_Mouse_the_Red_Ripe_Strawberry_and_the_Big_Hungry_Bear
"Five Children and It (Five Children, #1)",https://www.goodreads.com/book/show/45181.Five_Children_and_It
El Deafo,https://www.goodreads.com/book/show/20701984-el-deafo
"The Secret of the Old Clock (Nancy Drew Mystery Stories, #1)",https://www.goodreads.com/book/show/32979.The_Secret_of_the_Old_Clock
"Gregor the Overlander (Underland Chronicles, #1)",https://www.goodreads.com/book/show/262430.Gregor_the_Overlander
"The Princess and the Goblin  (Princess Irene and Curdie, #1)",https://www.goodreads.com/book/show/444381.The_Princess_and_the_Goblin
Pax (Pax #1),https://www.goodreads.com/book/show/22098550-pax
The Going to Bed Book,https://www.goodreads.com/book/show/53580.The_Going_to_Bed_Book
"The Red Pyramid (The Kane Chronicles, #1)",https://www.goodreads.com/book/show/7090447-the-red-pyramid
A Pocket for Corduroy,https://www.goodreads.com/book/show/270067.A_Pocket_for_Corduroy
The Grouchy Ladybug,https://www.goodreads.com/book/show/336161.The_Grouchy_Ladybug
The Egypt Game,https://www.goodreads.com/book/show/903.The_Egypt_Game
"Princess Academy (Princess Academy, #1)",https://www.goodreads.com/book/show/85990.Princess_Academy
"The Wishing Spell (The Land of Stories, #1)",https://www.goodreads.com/book/show/11607446-the-wishing-spell
"How to Train Your Dragon (How to Train Your Dragon, #1)",https://www.goodreads.com/book/show/352262.How_to_Train_Your_Dragon
