Uid,Title,Reviewer,N_Review,N_Follower,Review_Rate,Review_Date,Content,N_Likes,N_Comments
62291,A Storm of Swords,Nataliya,710,11300,5,"December 4, 2013","
  This book made me want to throw it against the wall in anger and disbelief.
 It made me root for the death of a child (and then despise myself), love a hated character, cry angry tears, and bite my nails because of all the suspense. **Pictograhically, all of the above was happening to me.**I did not throw the book across the room. Instead, I put it aside and stared at the wall for a few minutes in grief and disbelief. If you read this, you know which part I am talking about *SOBBING* Then I picked it up again, because at that point I was so hooked that nothing could have stopped me. (I also MAY HAVE cut my neurobiology class to finish it. I know, I'm bad, very very bad.) Ah, you guys... Look at you, all innocent, before this book rips into you...A Storm of Swords is, in my opinion, an undisputed high point of the series so far. It expanded the story in delightful, wonderful ways. It gave it a truly epic feel. It delivered the cruel punch in the gut with the Red Wedding  (excuse me as I go and cry myself to sleep) and reinforced the axiom that nobody is safe in the world GRRM created. (*) * It was heartbreaking, gut-wrenching, and unexpected. But it was necessary, even if just to remind how cruel and brutal this world is, and how little choices can have huge consequences.
 I loved this book because of the amount of promise it brought to the series. It brought our characters to the brink of greatness, put them in the positions that were surely going to change the course of this entire story.  Examples: Jon and Dany. It was amazing to see how these two very young characters grew and developed due to all the battles, losses, and betrayals that they suffered. Both of them at the end of this story carry such potential for the future of this series. Having read book 5, I think that so much of it was unfortunately wasted.   Ah, our favorite despicable Lannisters... Look at you BEFORE all the hell broke loose for you. Does it make you feel any sympathy for the Starks now? No? I thought so.The character complexity parallels the story complexity - both are done masterfully. The characters feel alive and real. They are interesting and fascinating, and fluctuate between likable and despicable in a not too predictable fashion (*). The previously unseen connections between characters and events are mind-blowing. And seeing the select few skillfully manipulating so many others is unsettling. * Let me use Jaime and Tyrion as my examples here: 
Jaime became one of my favorites: understanding where he's coming from and seeing him humbled by his experience changed him from a monster to a deeply flawed but ultimately sympathetic man. (What he did to Bran was terrible - but child's play in comparison of all the other mindf***ery GRRM gives us in this book. What he does with his sister - gross, but they are competent and consenting adults, and it's not my place to judge them). Tyrion, on the other hand... What he did to Shae reminded me that darkness can live inside everyone, even our favorite Imp. Tywin, however - I did not give a crap about him (pun intended!), but Shae...Not cool. -------------------------------------------------------------------------Don't get me wrong. I gush about it, but this book is far from perfect. Just like its sequels (and predecessors) it suffers from overload of descriptions and repetitions, gratuitous bodily functions and banquets. Some storylines already begin to drag (Arya, for instance). But most of the faults were easily overshadowed by the great characterization, masterful story, and wonderfully built suspense. This is what I felt was unfortunately missing from the books that followed, and what I hope they return to eventually. 
  5 stars from my (many moons ago) yet-not-jaded self that happily gobbled up this delicious brain candy.
[""br""]>[""br""]>[""br""]>[""br""]>[""br""]>[""br""]>[""br""]>[""br""]>[""br""]>[""br""]>[""br""]>[""br""]>[""br""]>[""br""]>[""br""]>[""br""]>[""br""]>[""br""]>[""br""]>[""br""]>[""br""]>",673,75
62291,A Storm of Swords,Jayson,"1,515",3230,5,"March 24, 2022","(A) 88% | ExtraordinaryNotes: This is where the story explodes; two outstanding scenes highlight a truly audacious, epic and consequential volume.",683,26
62291,A Storm of Swords,Jayson,"1,515",3230,5,"April 14, 2022","(A) 88% | ExtraordinaryNotes: A tour de force of What the F’s, it’s full of blighted beddings, horrid japes, abrupt escapes, and bloody awful weddings.",547,30
62291,A Storm of Swords,Petrik,654,39700,5,"January 29, 2023","I have a Booktube channel now! Subscribe here: https://www.youtube.com/petrikleoAn absolutely merciless and brilliant masterwork.This was unbelievably amazing. A Storm of Swords could actually be the height of George R. R. Martin’s writing career. I know I haven’t read A Feast for Crows, A Dance with Dragons, or the extra books of the series yet. But realistically speaking, it would be bloody difficult for Martin to top what he has achieved in this book.Picture: A Storm of Swords by Marc SimonettiI’ll try to make this review shorter than usual, and I won’t be talking about the story at all to avoid spoilers. Seriously, you have to experience this for yourself. If you miraculously haven’t watched the TV series yet, A Storm of Swords encompassed seasons 3 and 4 of the TV series. I have known the main twists and turns of this volume due to watching the TV show first, but somehow this incredible novel was still able to fully capture my attention. It brings me to this point once again: I can’t even imagine how much I’ll love this traumatizing book IF I’ve read it without having watched the TV series adaptation.
  
    “Old stories are like old friends, she used to say. You have to visit them from time to time.”
  
This, of course, doesn’t mean that you should skip the TV series. Up to season 4, the TV series adaptation remains mostly loyal to the original material. Sure it’s not like the scene by scene adaptation portrayed in the first season anymore, but I do honestly think that there were some moments that the TV series did even better than the book, and vice versa. I totally loved what I’ve read so far in A Song of Ice and Fire; this novel, in particular, is currently my favorite within the series, and that’s saying a lot. From my experience reading the series, Martin’s prose during his battle scenes were great, but I personally feel there are other grimdark fantasy authors—like Joe Abercrombie, Jeff Salyards, and Steven Erikson—that writes superior battle scenes compared to Martin’s. The battle scenes were one factor where the TV show excelled. Also, I will never stop praising Peter Dinklage’s acting performance as Tyrion Lannister. I found that the acting exhibited by Peter Dinklage and many other actors/actresses in the TV show did sufficient justice to the superb characterizations that Martin gave to the characters of the series.
  
    “Rhaegar fought valiantly, Rhaegar fought nobly, Rhaegar fought honorably. And Rhaegar died.”
  
The main reasons why I loved reading the series is not because of the battle scenes, but for the terrific characterizations, intricate world-building, how Martin deftly set up each scene, and most of all, the immense strength in the unpredictability of the storyline; all proven clearly within this book. The myriad pivotal events that occurred in this single installment were simply insane and unforgettable. The Red Wedding, for example, is one of the most traumatizing events to ever transpired in a fantasy novel for me; it has pretty much become a standard of comparison for believable brutality and shocking scale in speculative fiction. “It wasn’t as crazy as The Red Wedding,” or “It was more traumatizing than The Red Wedding.” You probably have read or heard these phrases on reviews or on social media often—lately more so due to the super exposure caused by the TV shows; let me assure you that they’re there for many valid reasons.
  
    “It all goes back and back,"" Tyrion thought, ""to our mothers and fathers and theirs before them. We are puppets dancing on the strings of those who came before us, and one day our own children will take up our strings and dance in our steads.”
  
At 424k words—it took me about 23 hours to read—in total, A Storm of Swords has become the third biggest novel I’ve read so far after The Stand by Stephen King and Oathbringer by Brandon Sanderson. It’s truly astounding that there were close to zero dull moments in a novel this massive; I didn’t really enjoy Bran’s storyline, but his appearances here were relatively small. Excluding Bran’s story, I was completely immersed, and I was in love with every page I read. Martin sang a song of violence, grief, and treachery with spellbinding impacts; the writing was thoroughly engaging, filled with a plethora of memorable passages, and the phrases were cleverly structured to be evocative.
  
    “The greatest fools are ofttimes more clever than the men who laugh at them.”
  
Excluding the fame he gets from the TV series adaptation, if you’re ever in need of evident proofs on why George R. R. Martin has become one of the most legendary fantasy authors of our time, A Storm of Swords is the answer. The series indeed remains unfinished to this day, and there’s a chance it might not ever be finished, but I utterly believe that the series is worth your time despite that. The first three books—especially this one—in A Song of Ice and Fire provided an exceptional reading experience that epic fantasy readers should gain. I unquestionably loved A Storm of Swords. I'm giving this tome a full 5 stars rating, and I'm extremely confident it would've earned one of those ultra-rare 6 out of 5 stars rating from me if I'd read it without watching the TV series adaptation first. I expect I will end up loving A Storm of Swords more on future subsequent reread. This is truly a phenomenal magnum opus. Do yourself a favor. Read it, simple as that.You can order the book from: Book Depository (Free shipping)You can find this and the rest of my reviews at Novel NotionsSpecial thanks to my Patrons on Patreon for giving me extra support towards my passion for reading and reviewing!My Patrons: Alfred, Alya, Annabeth, Blaise, Devin, Diana, Edward, Hamad, Helen, Jimmy Nutts, Joie, Lufi, Michelle, Mike, Miracle, Nicholas, Zoe.",523,58
62291,A Storm of Swords,mark monday,"1,619",4955,5,"September 30, 2014","it's time again for... A Game of Heroes and Zeroes! spoilers ahead__________HEROES
  
he's the Revenant Robin Hood, leader of a band of merry men whose purpose is to steal from the wicked, give to the needy, ransom the royalty, hang the bad guys, and maybe get laid some. Lord Beric comes equipped with a nifty super-power (courtesy of the Lord of Light, 'natch)... he gets to come back from the dead! unfortunately, his various hideous wounds get to come back with him. but so what... all those scars (and missing eye, and noose-blackened neck, and crushed-in head) only make him more manly. he's just the dreamiest!
  
so what if she's socially awkward, mulishly stubborn, and entirely unimaginative... this young miss may be the last remaining True Knight in the realm! she kicks some serious ass, is loyal to a fault, and she brings out the human in that Jaime Lannister. at one point she stops to take a break by burying some random dead people hanging from a tree. what a big heart she has, it's adorable. you go, girl!
  
ha, ha - you thought he was the villain! joke's on you, sucker/reader. this gifted songster is not only the leader of the Free Folk (and what's not to like about them? they believe in freedom, equality, and the pursuit of happiness - even their tendency to steal women is sorta charming)... he is a man who turned his back on the rigid class system and general stuck-upedness of Westeros society for the charms of anarchic wildlings. he's just trying to get all his people away from those infernal Others. goodbye, mysterious villain... hello, brave hero!
  
sure, her eyes glow red. sure, she's a little bloodthirsty. sure, she wants to sacrifice some children. what of it? we all have our flaws. don't judge this sorceress... her only goal is to, um, SAVE THE ENTIRE WORLD FROM UTTER DESTRUCTION. have some sympathy for her goals already. it's not like you could do a better job at trying to SAVE THE ENTIRE WORLD FROM UTTER DESTRUCTION. i want her on my team!***~ and a special shout-out to classy old-timer Lady Olenna, Queen of Thorns. well finally someone realizes that King Joffrey's shenanigans are truly intolerable. extra bonus points for naming your personal bodyguards ""Left"" and ""Right"". ~__________ZEROES
  
hey, King Asshole, ever hear of keeping your word? seriously, Promiseslayer, what's wrong with you? you may win your battles, but you break your vow over a little punani? and what's up with chopping off the head of your own bannerman? not too bright, son. and all the good intentions in the world doesn't excuse your tendency towards Usurping the Rightful King. duh. my gosh, as far as common sense goes... the apple sure doesn't fall far from the tree.
  
good grief, two winners in one family - those lucky Starks! hmmm, let's see... you capture the wrong guy in book 1... you free an enemy in book 2... you seriously underestimate the most obvious ""secret"" villain in the world in book 3. what the hey? clearly you should have retired years ago. but i sense some redemption in your future. i know you have some bloodthirstiness in you, so let that freak flag fly in book 4 and get down to some serious villain-killing already!
  
wow, i used to love you so much. until i realized you were getting sorta inappropriate with Danerys. yeah, she's brave and beautiful and a queen and she frees entire cities worth of slaves and she has three lovely dragons. but didn't you notice that she's about a third your age? and on top of that, you're a jealous liar. get outta here, Creepy McCreeperson!
  
come on, wolfie - Arya is supposed to be your soulmate! she's running all over Westeros just trying to get back to the fam, clearly needing a helping hand or paw... so why are you off galivanting about the countryside, chasing deer and hanging out with your new wolfpack buddies? well you did save her ass by taking down some of those Brave Companions - but that's a case of too little, too late. and here i thought that wolves are a girl's best friend. silly me. i guess your stomach is so much more important.***~ a special Zero mention must be made for Tyrion the Imp. where did that brain of yours go? why are you getting your ass handed to you again and again? well at least you unstuck your head from that ass and finally delivered some seriously overdue comeuppance... but i had to read 900 pages to get to that part. i want my old Tyrion back, stat! ~__________no review necessary, there are enough excellent ones out there. i loved this book, as i loved its predecessors. my favorite parts were the scenes with Sandor Clegane and Arya Stark. those two vicious killers were made for each other and their relationship was both laugh-out-loud funny and strangely moving. awww. at long last, a father figure that a child can truly look up to, and a daughter surrogate who knows what it means to really, really want to get some payback. and now on to the next one!",410,69
62291,A Storm of Swords,Melissa ♥ Dog/Wolf Lover ♥ Martin,"3,365",9426,5,"December 3, 2017","Freaking awesome re-read!**OKAY, SPOILERS FOR THOSE THAT HAVEN'T READ IT YET**Reading this was cray because I keep looking to see if I had read it before! I thought why is so much of this familiar. Then I thought, ""Oh yeah, stupid, you own and have watched all of the current shows!"" <--- I mean duh! I was going to give this one 4 stars because it's the one where they kill more of the Stark's and wolf and I wanted to go in, turn into my own dragon and burn them all down! but then . . . THIS ↓Oh happy day! Oh happy day! What joy!!!!!!!!!!!!!!!!! ❤I love so many people on the show and in the books. But my favorites are: 1) Jon ❤2) Tyrion3) Arya4) Daenerys5) Brienne6) Sam7) Sansain no particular order because I tried that one already. In the book there were certain scenes I liked better than I did in the shows. I love the shows and I love the books so far. But, in this book there were more parts with dialogue that I really enjoyed. My favorite in this book were the scenes between Brienne and Jaime. I know, you didn't see that coming right? I mean you would think it would have been all the parts about Jon since he's my hunneh bunneh but nope. I liked his parts better in the show and nooo it's not because I can look at him in the show. Although. . . nevermind. I just felt like there was so much more to Brienne and Jaime's time together in the book. I wished he would have quit calling her ugly and such though. Jerk, but they did seem to be friends of a sort at the end of their time and I liked that. The things you miss in any book is the commentary in someone's head. Of course some I would rather not read about. But I really loved the parts where we could read Tyrion's thoughts about Sansa. They were sweet and true and sad in many ways. Overall I enjoyed the book because of the parts with Joffrey dying. Bwhahahahaahahahahahahah! And the parts with Brienne and Jaime. I loved all of my other characters parts but these were the highlight moments for me. Or course you know when you get rid of one evil b•stard, along comes another one!MY BLOG: Melissa Martin's Reading List",281,27
62291,A Storm of Swords,Matt,898,2800,5,"April 26, 2016","This year (2011) has been rough for those of us who count ourselves Minnesota Twins fans. A few weeks ago, however, I watched Francisco Liriano nearly pitch a perfect game. Earlier in the season, Liriano pitched a no-hitter, which was a bright spot in an otherwise unremitting series of losses, injuries, and disappointment. But this was different. This meant more. This was a perfect game (and you can’t get better than perfect). The announcers, with no regard for karma, started talking about the possibility in the fifth inning. I didn't start to get excited until the seventh. I thought to myself: I might be watching something for the history books. Then, in the eighth, the third baseman made an error, and the perfect game was over (the following inning, he lost his no-hit bid as well). The game went down as a victory for the Twins, and for Liriano, but it will be lost in the eddies of baseball history. It was a very good game; but it was not a masterpiece.Back in May 2007, I watched the season finale of the third season of Lost. The series, which focused on a group of airplane crash survivors on a mysterious island, became a pop cultural phenomenon with its intriguing present-day storyline intercut with meaningful flashbacks to the off-island lives of the passengers.The third season was up-and-down, but after a strong homestretch, Lost gave us a finale for the ages. In the final moments, the show revealed that the flashbacks we thought we’d been watching for the previous two hours were actually flash-forwards, and that some of the passengers had gotten off the island. After picking up the pieces of my brain, I thought to myself, I might be watching the greatest television show of all time. Flash forward to 2010, when Lost concluded with a melodramatically satisfying but substantively hollow conclusion. It ended as a very good series, with individual episodes as strong as anything that ever aired on television, but it was not a masterpiece. I just finished George R.R. Martin’s A Storm of Swords, and I’m getting the same feeling I did watching Liriano in the 7th inning, or watching the third season finale of Lost: the thought that I might be in the midst of something special. Something that might linger and last. Something that be be considered a classic. Not classic fantasy. But a bona fide literary monument. I have grave doubts that Martin can finish this series, or that he can finish it with the same strength with which he started (reviews of the next book, A Feast for the Crows are not encouraging), but when I finished the last page, I certainly sensed the possibility of greatness. If Martin can finish this – if – then he will have accomplished a feat that will demand attention (including from those snotty New York Times Book reviewers who won’t read “fantasy”). Swords is Book Three in Martin’s A Song of Ice and Fire cycle. It begins where Book Two, A Clash of Kings left off. At the end of Kings, we were treated to the epic battle of the Blackwater; Winterfell was razed; the Night’s Watch was north of the Wall; and it appeared that the Lannisters, including the young, sociopathic King Joffrey, were ascendant. My main critique of Kings was that it started slowly and maintained that agonizing pace right up until a blistering third act that completely reshaped my feelings. Storm doesn’t bother with a slow build-up. It gets into things from the first page. From front to back, this is the best of the series so far, and a stunning novel in any light. The ever-expanding plot of A Song of Ice and Fire is impossible to summarize neatly. In Storm, as in the other books of this series, the story is told from the alternating viewpoints of various characters. The selected viewpoints are: Jaime Lannister, Tyrion Lannister, Jon Snow, Catelyn Stark, Arya Stark, Sansa Stark, Bran Stark, Samwell Tarly, Davos Seaworth, and Daenerys Targaryen. I sometimes criticized the point-of-view choices in the first two books, for the reason that Martin’s decisions often led to viewpoint redundancies and glaring blind spots. That is, Martin would often have several characters in one place, talking about one thing, while huge swaths of the storyline lacked a single witness. As a consequence, big chunks of exposition, central to the plot, were fed to the reader as secondhand hearsay, rather than experienced by a beloved character. For the most part, this problem does not arise with Storm. The viewpoint characters are well chosen and spread out across Westeros, doing things rather than talking about them. Sam is with the Night’s Watch beyond the Wall, being chased by the Others (they’re a kind of cold-weather mash-up of vampires and zombies). Jon is riding with Mance Ryder’s free-folk in a sort of Dances With Wildings subplot that allows us some insight into the wildlings lifestyle (and occasions any number of hastily-scrawled sex scenes). Catelyn is with her son Robb, the King of the North, who blunders badly by breaking his oath to marry a Frey daughter. Jaime Lannister embarks on a perilous journey back to King’s Landing, guarded by the female knight Brienne of Tarth. Meanwhile, back in King’s Landing, a wounded Tyrion awakens to find that his good deeds have not helped his standing. The presence of his father, Tywin Lannister (a great peripheral character), and the scheming of his sister, Cersei, threatens his position at court. Across the sea, Daenerys gathers an army she hopes will allow her to retake Westeros. Of course, not all the viewpoint characters are created equally. Sansa Stark finally has things to do (and finally rejoins the plot; she has basically stood mute since betraying her father Eddard in A Game of Thrones), but she is still dumber than a garden gnome. Martin finally convinced me that Davos Seaworth, loyal to royal pretender Stannis Baratheon, is an important character; unfortunately, his importance does not make him interesting. Like Eddard Stark before him, Seaworth’s square, dogged sense of honor – shorn of wit or pragmatism – makes him an uninspired character.These criticisms are only half hearted, though. The overall quality of Martin’s plotting choices easily cover up the fact that, in a game of chess between Sansa and a sack of unpeeled potatoes, I would wager on the potatoes. Even an otherwise tiresome character such as Samwell Tarly, who is the sniveling heir of Tolkien’s Samwise Gamgee, is given things to do. Heck, I even grew to like Daenerys. In the first two books, I was wholly underwhelmed by her subplot. Though I fully understand (or think I understand) Martin’s endgame with respect to Daenerys, I didn't like how he kept cutting away from the main story to heap page after page upon this unconnected plot thread. In Storm, Daenerys does not get much closer to joining the rest of the book, but she does get to kick some ass. I never figured I’d be a person to get much enjoyment from a dragon unleashing fire on an unassuming victim. I was wrong. Many of the highlights of this book I will not touch, even vaguely. Things happen that are surprising, shocking, and heart-wrenching. If at all possible, you should attempt to finish this book before accidentally stumbling across a massive spoiler. Surprises aside, many of Storm’s highlights stem from four characters in particular: Jaime the Kingslayer; Jon Snow of the Night’s Watch; Arya Stark; and Tyrion the Imp. Storm is the first book in which Jaime becomes a viewpoint character. In the past, we knew him as the sister-f***ing, child-defenestrating, king-killing sword master. He appeared a cruel, golden-haired villain, one who inspired terror in the heart of our putative heroes, the Starks (the further you get into A Song of Ice and Fire, the less sure you become about who the heroes and villains really are). In Storm, Jaime spends much of his time on the dangerous, outlaw-infested roads back to King’s Landing. Though his chapters are hampered by his unfortunate, almost Tourette Syndrome-like use of the word wench, we learn a lot from Jamie about his time guarding Mad King Aerys. What we learn causes us to seriously reevaluate our earlier judgments, and begins nudging him along the villain-hero spectrum. Jon’s story is where the bulk of the action happens. And by action, I mean fighting and sex. Without giving away too much, I think it’s appropriate to say that Jon is at the center of a battle on the scale of Return of the Kings’ Pelennor Fields. This battle really tilts A Song of Ice and Fire away from the realistic-fantasy from A Game of Thrones and into the fantasy-fantasy of The Lord of the Rings. There are mammoths and giants and spying eagles, but I didn't care, because there were also catapults and trebuchets and murder holes and burning oil. In other words, cool stuff. Arya was one of those characters I initially didn't like. For some reason, thematically or otherwise, Martin has chosen for viewpoint characters a high number of children, persons with disabilities, and children with disabilities (I’m not including Sansa’s low-functioning, though I could). This means that a lot of our protagonists are a bit atypical; furthermore, many of them haven’t had a lot to do till now. In Storm, the kids finally start to grow up. Bran, the crippled boy, takes some huge strides in terms of reader-interest, as he begins to harness his shape-shifting abilities. However, I was more impressed with Arya’s storyline. She falls in with a gang of outlaws, joins forces with Sandor “the Hound” Clegane, and generally blurs the moral dividing line between good and bad. It’s a bold authorial choice when you take a relatively innocent child character and slowly turn her into a cold, steel-eyed killer. Finally, Tyrion remains the transcendent character he was in the first two installments. I expected his droll wit and smartass remarks to start wearing thin, but Martin’s choice to put Tyrion on the defensive, hemmed in by his father and sister, was an act of genius. It kept him evolving, which is no small feat after we’ve spent so much time with him. What I’ve just mentioned is just a smattering of the pleasures within A Storm of Swords, a novel that is overstuffed with awesome. This is a big book, and there is room for everything a fiction fan – not just a fantasy fan – could want: swordfights, torture, poison, beheadings, betrayals, shocking deaths, shocking fake-deaths, terrifying beasts, chuckle-inducing sex scenes, large scale battles, miracles. As I’ve already mentioned, there are a lot more supernatural and fantastical aspects than before. These are things that might have been off-putting for the old me, the me who never read fantasy. It’s even possible that I never would’ve started A Game of Thrones if these things has existed at the start. Well, too late; I’ve been sucked in. Besides, Martin does a really good job of grounding these aspects with his no nonsense, matter-of-fact descriptions. It was easy for me to accept the prospect of dragons because Martin describes them with such biological precision. And it was easy for me to accept the storyline of Lord Beric Dondarrion, who is repeatedly killed and brought back to life by the Red Priest Thoros, because Martin’s portrayal of Beric is so gruesomely detailed (Beric is given life, but he is not healed; he walks around with a crushed skull and a missing eye). For those of you who prefer Tolkien’s wordy, action-light style to numerous beheadings, maimings, and juvenile descriptions of oral sex, Storm should satisfy those cravings as well. Amid all the slayings and treachery, Martin still finds time for his characters to tell lengthy stories about the old days, and the long, violent, exciting history of Westeros. There are even songs! This is a great novel. Not great fantasy; great literature. Martin’s prose is not elegant. Rather, it is detailed. He writes descriptively but clearly. His style is to create visual images with words. Accordingly, he goes to great lengths telling you about architecture, physical features, clothing, colors, and smells. Even minor castles or minor characters are imbued with depth. It can sometimes be overwhelming, trying to keep all this detail straight. Mostly, though, the result is a novel that is immersive and tactile. You feel surrounded by Martin’s world. You feel like you can gauge the reactions of Martin’s characters. There may be dragons and sorceresses and the walking dead, but it feels real. That is not the extent of Martin’s talent. He has a marvelous sense of humor, and a nice, organic wit threads its way through novel, leavening the dour proceedings. Martin also has a nicely-tuned sense of dialogue. There are enough crisp one-liners and bon mots to put one in mind of The Godfather. Storm is the midpoint of what Martin has said will be a seven-book cycle. I would be lying if I said I didn't have grave concerns (grave being relative, of course) about the rest of the series. There are so many variables as to make a prediction impossible. Can Martin sustain this dense style? Does he have any idea where all his plotlines are heading? Will success, riches, and fame blunt his skills? Does he have enough years left in his life to finish this grand project? It’d be nice to say these questions don’t matter, that A Storm of Swords and the other completed novels can stand on their own. They can’t. Ultimately, Storm will be judged upon the entirety of A Song of Ice and Fire. If the cycle falters, or is left unfinished, then Storm will be reevaluated along with the rest. There is no denying Storm’s essential qualities. It remains to be seen, however, whether it is part of a masterpiece, or something a bit less. ",162,18
62291,A Storm of Swords,NickReads,461,1208,5,"January 16, 2020",I love this one. Definitely a favorite.,159,6
62291,A Storm of Swords,karen,"3,968",17000,5,"July 30, 2018","HAPPY SEASON 4 FINALE EVE, NERDIES!!! what an awkward father's day present for tywin.success! i have managed to read this book without getting spoiled ahead of time!! so - ha! to you nerds talking loudly in my sci-fi section about the plot!! i ran to the history wall and hummed loudly until they left. ha! to that jerk at BEA telling his colleagues every. single. thing. that happened in the third book while he stood behind me in that justin cronin line!! i made greg come back from his booth-browsing and hold our place (he has read all of these already), and i scooted over to the chronicle booth and peered around the corner, while greg stood in line wide-eyed and kept making ""no, it is not safe yet"" gestures and all i heard was the phrase ""red wedding."" ha! to all you irresponsible but adorably enthusiastic teenage reviewers of these books with your spoilery status updates in my feed! i have scrolled through quickly quickly and managed to remain completely untainted.and man, there would have been a lot to get spoiled, here.and now it is my turn.HERE IS A LIST OF EVERYONE WHO DIES IN STORM OF SWORDS
  
  
  
  
  
  
  
  
  
  
  
  
  
okay, so that was a tease, and i would never be that much of a jerk. but now i understand. i feel powerful, stuffed to the gills with knowledge. and i am so freaking amped for season three to begin, because i cannot wait to see some of these scenes played out.but apart from that,i mean, this is the third book in a series. so what can i possibly say in a review?? it is difficult to talk about a ""middle"" book without spoilers, and the casual goodreader isn't going to read this ""review"", probably, because there has been so much content, so much context, that it would make no sense to someone who has never picked up a book in this series before. i was re-reading some of my third-book reviews, for books that aren't just a trilogy, and you can see the struggle...http://www.goodreads.com/review/show/...http://www.goodreads.com/review/show/...http://www.goodreads.com/review/show/...http://www.goodreads.com/review/show/...http://www.goodreads.com/review/show/...http://www.goodreads.com/review/show/...http://www.goodreads.com/review/show/...how do you talk about something that is continuing, for people who have no idea what you are talking about? so, i assume only fans of martin are reading this, and you people know how good this book is, so what can i possibly say? so i'm just going to whitter on about some things i like/feel like whittering about.oh, dana, i am so sorry about that thing that happens to your beloved character.oblique spoiler:i never thought i'd miss a hand so muchand in searching for that image, i rediscovered this site that has way more content than it used to, and i got sucked in for about an hour:http://arrestedwesteros.com/which led me to this, which is a book-one spoiler, so careful, uninitiated friends:
  
it is worth a visit to scroll through their archives; i had me some guffaws.okay, but there were a couple of things that i didn't like in this book:number one:shea's betrayal of tyrion.  and the whole time it was happening, i was hoping she had some kind of plan,and it was all just some strategy, but nooooo! i really believed in her, and the way her story ended was heartbreaking to me. way more heartbreaking than robb, oddly. but doubly sad, because the actress who plays her is a love of mine, from one of my all-time favorite movies:which i try to promote as often as possible.number two:telling jaime you killed joffrey?? i know you're pissed, tyrion, but you're better than that.but those were just minor flaws in what is otherwise a great book. george martin is good at a number of different things. for epic fantasy, which is usually defined by action sequences and the large-scale, his books are so skillful at the quiet moments. don't get me wrong, there are plenty of HUGE scenes in this book, but there are also so many small conversations that are seemingly inconsequential to the overall storyline, but they go so far towards character development, which is something lost in a lot of genre-fiction. these characters are vivid, and their decisions (mostly - see gripe number 2) make sense in terms of their positions and ambitions and survival instincts.and they will affect you.i started reading this while i was re-watching the first season of the wire, which is an exercise i strongly recommend. there are so many parallels, in the way that characters operate within the parameters of ""the game,"" and their individual codes of honor and behavior, and in the rises and falls of characters that are predicated upon such seemingly inconsequential events. the long drawn-out cause-and-effect situations, they are masterful and span seasons/books, which is such a delight to a fan.which search led me to this: and, oh, god, i love the internet:http://asongoficeandwire.tumblr.com/is there anything you do not have, internet??this book is ""everyone's"" favorite, but for me, i think i like the second book better. yet i understand the feeling people have for this; the great love and the great heartbreak. and - oh - the way he takes things we thought we already understood from as far back as the first book; about jon arryn and about tysha, and he's all ""nahhhh, this is what happened for real."" so very cool. just when you thought you had closure...it is an easy series to get addicted to. there are some problems, for sure, some of the writing occasionally can be cliched, and there is some repetition that is a little tedious, but overall, this is a character-driven series that has great scenes of action, is genuinely funny in a lot of places, and the strategies of characters are worth it. remember that as you struggle through the lyrics to ""the bear and the maiden fair"" for the hundredth time.incidentally, i would read an entire series of novels featuring jaime and brienne on a road trip.in closing:DAENERYS!!!!i love her so much.come to my blog![""br""]>[""br""]>[""br""]>[""br""]>[""br""]>[""br""]>[""br""]>[""br""]>[""br""]>[""br""]>[""br""]>[""br""]>[""br""]>[""br""]>[""br""]>[""br""]>[""br""]>[""br""]>[""br""]>[""br""]>[""br""]>[""br""]>[""br""]>[""br""]>[""br""]>[""br""]>[""br""]>[""br""]>[""br""]>[""br""]>[""br""]>[""br""]>[""br""]>[""br""]>[""br""]>[""br""]>[""br""]>[""br""]>[""br""]>[""br""]>[""br""]>[""br""]>[""br""]>[""br""]>[""br""]>[""br""]>[""br""]>[""br""]>[""br""]>[""br""]>[""br""]>[""br""]>[""br""]>[""br""]>[""br""]>[""br""]>[""br""]>[""br""]>[""br""]>[""br""]>[""br""]>[""br""]>[""br""]>[""br""]>[""br""]>[""br""]>[""br""]>[""br""]>[""br""]>[""br""]>[""br""]>[""br""]>[""br""]>[""br""]>[""br""]>[""br""]>[""br""]>[""br""]>[""br""]>[""br""]>[""br""]>[""br""]>[""br""]>[""br""]>[""br""]>[""br""]>[""br""]>[""br""]>[""br""]>[""br""]>[""br""]>[""br""]>[""br""]>[""br""]>[""br""]>[""br""]>[""br""]>[""br""]>[""br""]>[""br""]>[""br""]>[""br""]>[""br""]>[""br""]>[""br""]>[""br""]>[""br""]>[""br""]>[""br""]>[""br""]>",157,85
62291,A Storm of Swords,Jessi,462,63,5,"November 7, 2011","First an update on the Direwolf situation
  
I still do not have one...sadface.This series !!! What can I say I am loving it! I don't know if I was just sick of everything else or just needed the escape but I am soooooo enjoying. The great thing is that I am on the third book and its not like I can't say which book I like better, which was weaker they are one long story that come in three(so far for me) packages.Its not like Indiana Jones. Where we say"" man I love Indiana Jones but... that second one WTH? "" You know, with Kate Capshaw and her never ending shriek and there were monkey brains.Do you remember the monkey brains? I remember the monkey brains.Refresher
  
**I will make no mention of Indiana Jones and the skull of shit or whatever it was called because I have decided that Harrison Ford needed a new boat and it should not be included in the series.Anyways A Song of Fire and Ice seems to different from the other series I have read *cough* Sookie Stackhouse *cough*. I find them very refreshing and I never have any idea where its going or how he is going to get us there,also do not get attached to anyone cause George R R Martin be killing bitches left right and center. No one is safe.Confession time: I seem to have a crush on The Hound
  
WHAT? Shut up! I dont want to talk about it!
  
Whatever! I am not even sure he is alive,the last time we saw him he was feeling a bit stabbed under a tree and I am not puting a ""spoiler tag"" on that, cause if I don't know then I am not spoiling anything. Maybe its cause he is so grumpy? This series brings out some weird attractions, my friend said she thought Littlefinger was sexy, he is a quirky mother f@&ker I'll give ya that, also she did not judge my hound problem so we're good.",151,30
62291,A Storm of Swords,Sean Barrs ,"1,099",44100,5,"January 3, 2016","When I first read A Game of Thrones  I hated Jaime Lannister. Now, I think he’s awesome. If someone would have told me then, that by book three I would consider him one of my favourite characters, I’d have likely pushed them out of the moon door. It’s quite surprising that George R.R Martin actually changed him around like this. Well, I say change around. What I actually mean is showed the reader what he actually is. Never before, with any novel, have I had my feelings of pure hatred completely collapse in on them self and turn into pity and admiration.     George R.R. Martin achieved this astonishing reversal by showing us the man as he saw himself. Instead of ignorant Ned Stark condemning him in his point of view, we see how Jaimie thinks. Indeed, we see his side of the story and why he committed his Kingslaying. It was no ill thought out act or cowardly murder; it was a killing of pure honour and decency. Surprising, I know. I was convinced by Ned Stark’s judgment. I, too, saw a backstabber and murderer. I was glad when the veil was lifted because never before has a character been so wrongly perceived by so many. Jaimie Lannister, certainly, deserves more recognition for his act. But, like a man of honour, he kept the details to himself and cared not what the world thought. He knew that he exacted justice and that’s all that mattered. Jaime reached for the flagon to refill his cup. ""So many vows...they make you swear and swear. Defend the king. Obey the king. Keep his secrets. Do his bidding. Your life for his. But obey your father. Love your sister. Protect the innocent. Defend the weak. Respect the gods. Obey the laws. It's too much. No matter what you do, you're forsaking one vow or the other.”   And then there’s Tyrion’s little fiasco with that crossbow. I mean, wow! I did not see that coming. I literally cheered the very first time I read that; it was so perfect and so necessary. The way the chapter ended was superb also. I’d put the quote in, but that would be a big plot spoiler. I guess there is only so far you can push someone before they finally snap, and lash out against the world. Tyrion could only take so much abuse and disuse from the ones who should actually love him. What he did was totally justified and necessary for his own survival. He simply couldn’t go on anymore with that kind of treatment. The end he provides to his victim’s name will well, and truly, sully his reputation. It was most apt to finish him in such a way. What an awful, and deserved, way to go. Also, I think the blow of the red wedding has somewhat softened over the years. Initially, it is upsetting and horribly unjust, but then you read the build-up of it again and see it in a different light. It is clear that it was completely King Rob’s fault. He caused it; he should have known better than to renegade on such an important deal. It was pure folly. He left himself completely vulnerable. But, he isn’t to blame completely; he was very young after all. Maybe one day the Starks will be avenged completely. Well, I think it’s obvious that there is only on person with the capabilities to do it.  By this point in the series Dany has truly cast aside her fear. She has realised who she is and what she is capable of; she has become the dragon her brother was attempting to be. But, for all her power, she lacks wisdom. It isn’t a lack of wisdom born of stupidity, but through a lack of experience. She needs someone to guide her and help her realise her destiny; she needs someone well versed in the game to lead her steps, and insure her politics are not completely detrimental. In short, she needs someone braver than Jorah and someone more cunning than Barristan; she needs a strong right hand. She needs an ally who can truly save her. It’s just a shame that the television show has beat Martin to it! However, she still has her own natural leadership abilities. She has taken an army and freed a city; she has found her voice and her confidence. But, she still needs help. Dragons are a powerful weapon, though they will only take her so far. They’ve saved her in this novel, and they will save her again. But, it takes more than Fire and Blood to win a throne, though it does help.  This, for me, is the strongest novel in the series so far. The characters have evolved and become figures of investment. The characters in this are truly brilliant. It’s why this series is so damn good. It’s very difficult to actually pick a favourite because with each novel my opinions seem to change as the characters do. It’s also very hard to give each of them a mention in a review! I didn’t even talk about Jon Snow. Never mind. I think it’s clear what my opinion of this book is. I do love this series! A Song of Ice and Fire 1. A Game of Thrones- A life chnaging five stars2.A Clash of Kings- An Impish five stars3. A Storm of Swords - A Lannister loving five stars 4.  A Feast for Crows - A flat 3.5 stars",145,14
62291,A Storm of Swords,Candace,"1,174",4129,4,"May 21, 2016","Each one of these humongous books has managed to completely captivate me. I have loved listening to the characters evolve with this series as their fantastical world changes around them. Nothing is off-limits and nobody is sacred. As anxious as it makes me, the fact that I never know what to expect next is a big plus for me. When you read as much as I do, it is rare to be surprised, but Mr. Martin manages to keep me guessing.While the second book had multiple kings rising to power and fighting for their piece of the Iron Throne, this book took the story in an entirely different direction. What goes up must come down. In this epic saga full of scheming and betrayals, the power players are constantly changing. 'A Storm of Swords' completely changes the landscape of this story yet again.Aside from the fall of kings, the way the characters are presented had me rethinking my previous judgments. As each character's thoughts and actions were explored, it became clear that there is no ""good"" or ""bad"" person. Even despicable characters had redeeming qualities and/or motivations that were understandable, if not admirable. Similarly, the less than pure intentions and actions of some of my favorite characters were brought to light. Everyone is flawed and vulnerable in some way.The only exception to this was Joffrey. I couldn't find a single redeeming quality in that evil brat. Maybe it was there and my hatred for him just wouldn't allow me to see it. Nonetheless, he remained true to his role of ""ultimate villain"".As with the first two books in the series, be prepared for plenty of blood and gore. Characters will die, sometimes gruesomely. Don't get too attached. This definitely isn't a series for the faint of heart. Now that I've finished the third book, I can begin to spot some of the inconsistencies between the books and the HBO series. There are some omissions that have been made, but nothing that I thought was critical to this story so far. I've also noticed that a few things are presented out of sequence. Again, this didn't take away from the enjoyment for me, but it was noticeable if you're reading and watching subsequently.Overall, I am still loving this story. It is still confusing at times, with an extremely complex storyline. However, I feel like I'm getting a better grasp on things. It's on to the next one for me.",145,52
62291,A Storm of Swords,megs_bookrack,"1,423",8956,5,"December 18, 2022","A Storm of Swords can only be described as EPIC. The Epilogue added 5-years to my life. What else can be, or need be, said? ((drops mic))",124,2
62291,A Storm of Swords,Jacob McCabe,148,42,5,"April 28, 2013","THAT ENDING. OH MY FREAKING GOD. AND SANSA. WITH THE LITTLEFINGER THING.AND DANAERYS. WITH...EVERYTHING.AND TYRION. WITH THE SHAE THING. AND HIS FATHER.AND JON. WITH THE WALL. AND THE WILDLINGS. AND THE OTHERS. AND YGRITTE.AND BRAN. WITH...just kidding, no one cares about Bran.AND CATELYN. WITH HER PROBLEMS, AS THEY ARE A-PLENTY.OH MY FREAKING GOD.",117,13
62291,A Storm of Swords,Lyn,"1,845",16300,4,"February 21, 2019","DAMN!It’s like if you buy a muscle car on Friday afternoon and you drive it home some friends come over to look at it and you know and they all know how cool it is. Then on the second day you get to drive it around town and everyone that sees it knows you’ve got a beast, a low growl coming from under the hood. But it’s not until the third day that you arrange to go out onto a track and open it up that you realize what a monster machine you’ve got and even as the speedometer passes 100 you press down further and it responds like a galloping horse and keeps accelerating and you breathe catches in your throat and you know you’re on the ride of your life. And you whisper: DAMN!George R.R. Martin knew he had something cool when he first published A Game of Thrones in 1996. Martin had been toiling away as a writer for more than twenty years and had seen struggles and poverty, as had many speculative fiction writers before him. While he had seen some success in his fantasy and horror stories and books, and had some work screenwriting, it was not until he set out to create this epic fantasy that his stock began to rise – his muscle car hit the nitro and fishtailed into wild success with the HBO adaptation and millions of golden dragons to line the coffers of his keep.A Storm of Swords, first published in 2000, his third in the series, is the muscle car, the biggest and fastest horse, the book where Martin, established as a success and had his readers’ attention, put the hammer down to see what this thing can do.It’s a wild ride. Fans of the first two books knew about Westeros and Essos and about the Starks and the Lannisters and the faded glory of the Targaryens; and they know about the raw carnality of the books, the guttural sex and violence that adds harsh realism to the story. ASOS takes it up a notch and demonstrates that as good as the series is, Martin can continue to make it a bionic man of fiction: faster, stronger and better.The violence. One of the criticisms of the 2004 Antoine Fuqua film King Arthur starring Clive Owen was the minimization of violence. Whereas earlier adaptions of the Arthur legend were intentionally theatrical and atmospheric rather than realistic, Fuqua seemed to be on to a cool angle by introducing a historically accurate revisionist story of Arthur as a Roman leader fighting Picts and Scots. There’s swords and daggers and arrows and lots of fighting, but not so much blood and guts. The incongruity of the muddy realism with the stylized violence was distracting.Martin, on the other hand, takes the Tolkienesque legend, adapts it to fit on to his alternate War of the Roses inspired fantasy and does not leave out the brutal reality of war and survivalist feudalism. Razor sharp blades cut, people bleed and die, women get raped and slavery exists. In his zeal for a fantasy that also seems real, Martin shines a light on the good, the bad and the ugly and his narrative is far better for it.Martin’s POV chapters highlights and exhibits his great talent for fully developed characterization. The players are complicated and there is a dynamic depth of relationships that is mesmerizing. His world building, adding detail and history to an already spectacular creation, continues to impress.There are several scenes that stand out: the Red Wedding, Daenerys at Astapor, Tyrions trial of combat between Gregor Clegane and Oberyn Martell, and many others that fill this thick tome and make it a page turner.This is the best one so far and I’m already on to the next one.",101,17
