Uid,Title,Reviewer,N_Review,N_Follower,Review_Rate,Review_Date,Content,N_Likes,N_Comments
13642,A Wizard of Earthsea,Kat Kennedy,475,1600,3,"January 17, 2011","If there were ever a time I'd curse my constant reading of Urban Fantasy, Paranormal Romance or YA lit, it would be now.Because clearly, CLEARLY this is a fantastic book that deserved to be finished. Ursula K Le Guin is a phenomenal writer and whilst this book (up to what I read) wasn't absolutely perfect, it was enchanting. It was different, it was QUALITY.Yet I didn't finish it because, thanks to the aforementioned reading habits, my ability to concentrate and enjoy quality literature has slipped to the point that I am unable to focus on a book unless one of the following is occurring or about to occur.1) Somebody uses their super awesome powers to take down five bad guys with Kung Fu or a huge sword. Preferably a glowing sword. Preforably also throwing out witty one-liners while doing so.2) Somebody is boning.3) Somebody is thinking about boning but can't yet until the sexual tension is properly built.4) There's some mysterious creature literally murdering someone in a sickeningly violent way.What A Wizard of Earthsea has shown me is that if my rate of decline continues, then I will quickly morph from a semi-respectable, semi-intelligent, semi-quality individual into this:Don't move! It can't see you if you don't move!What's measurably worse is that I will be proud of my decay and revel in it like a pig wallows in mud. Like this only far less appealing to frat boys and those with strange mud fetishes...Clearly, this descent must be stopped. If it isn't, the worst could occur. We could all be sucked into a blackhole fuelled by fangirl squees and not nearly enough shame.Pictured: Not nearly enough shame...So feel free to help me, Goodreaders. It's obvious I need help. A Wizard of Earthsea deserved a better run on my reading shelf than it got. Even if we have to shoot a Rocky-esque montage to get me back into reading shape, I'm sure it will be worth it.I can use big words again!",523,76
13642,A Wizard of Earthsea,Nataliya,710,11300,4,"July 23, 2015","
  ""It is very hard for evil to take hold of the unconsenting soul.""
 This seemingly simple statement actually says a lot about the human nature - just as all the Ursula Le Guin's books that I've read so far seem to do.  ***A Wizard of Earthsea is a simple but beautiful and magical coming-of-age story of a young wizard Ged, who starts out as a brash and cocky boy who in his arrogance unwittingly releases a terrible Shadow upon the world, but who eventually grows up and succeeds in embracing the darker part of himself. A word of caution if you are expecting a traditional fantasy adventure - it is, more than anything, an introspective book, so be warned.
  ""You thought, as a boy, that a mage is one who can do anything. So I thought, once. So did we all. And the truth is that as a man’s real power grows and his knowledge widens, ever the way he can follow grows narrower: until at last he chooses nothing, but does only and wholly what he must do.
------------------------------------------------------------A 1968 book with a non-white hero! LOVE.--------------------------------------------------------------There are the traditional coming-of-age fantasy elements - wizarding school, true friend, bitter rival, fighting a dragon, finding love. But there is something that sets this story apart from the newer variations on the similar theme, featuring Kvothe and Harry Potter and the like. Part of it, of course, is the narration. The story is told in the fairy tale tradition, with that particular strangely fascinating, lyrical and melodic fairy tale rhythm. But mostly is because instead of focusing on what is on the surface - the learning and the adventures - A Wizard of Earthsea goes straight for the deeper meaning, for what lies beneath the surface.
  ""You must not change one thing, one pebble, one grain of sand, until you know what good and evil will follow on that act. The world is in balance, in Equilibrium. A wizard's power of Changing and Summoning can shake the balance of the world. It is dangerous, that power. It is most perilous. It must follow knowledge, and serve need. To light a candle is to cast a shadow. 
In her amazing brilliance, Ursula Le Guin takes what could have been a straightforward tale of the fight of good versus evil, and turns it into something more - a lesson in self-discovery and acceptance of the darkness that lives inside all human beings. This is a story about the fascination with knowledge and the temptation of power and dangers of presuming too much and upsetting the natural balance. It is a story about getting to know your own self, including the darkest corners of your soul. And the resulting epic battle of good versus evil... well, let me tell you that the resolution was brilliant and poetic, and I did not see it coming AT ALL.
  “He knew now, and the knowledge was hard, that his task had never been to undo what he had done, but to finish what he had begun.” 
Ursula Le Guin takes the elements that would be a dangerous set-up for fail in the hands of most other writers and somehow unexpectedly turns them into the strengths of this book. Take the characters - except for Ged, they exist only as sketches to support the ideas in this story; it's not supposed to ever work but it does. She brushes over the years of Ged's life and training in just a few words, not detailing the tedium as many writers are prone to doing. Her worldbuilding is not very detailed, but manages to capture the essence of this world in a few brush pen typewriter strokes. We know Ged is in no danger as from the beginning the book refers to his subsequent adventures as a great mage, but this seeming lack of danger for the protagonist does not diminish neither the suspense nor the enjoyment of the story. My one criticism goes to the some symbolism overkill (I passionately hated all the high-school teachers' neverending discussions about symbolism - yawn!), but hey - even Le Guin can't be always perfect.-------------------------------------------------------------------------Wonderful, mesmerizing read that fully deserves 4.5 stars. Loved it dearly and highly recommend.",377,25
13642,A Wizard of Earthsea,Lisa of Troy,375,2777,1,"June 10, 2022","In A Wizard of Earthsea, Ged, a young boy, transforms from a young boy with a knack for spells into a full-fledged wizard. However, Ged makes some rookie mistakes and suffer the consequences. Will Ged ever be able to make things rights?According to James Mustich’s 1,000 Books to Read, A Wizard of Earthsea has influenced writers such as Neil Gaiman, Junot Diaz, and Margaret Atwood. I am sure that these authors were influenced to write a book that was much better. This book was boring, so boring. I had to take breaks to keep from falling asleep. This book could have used some additional dialogue; the paragraphs were far too long. When there is a lot of action, readers should be rapidly turning the pages. Ged makes a tremendous amount of errors, but each incident only lasts a page or two. When an event lasts such a short period of time, it is over before I had time to fully connect. This book is one of James Mustich’s 1,000 Books to Read.2022 Reading ScheduleJan Animal FarmFeb Lord of the FliesMar The Da Vinci CodeApr Of Mice and MenMay Memoirs of a GeishaJun Little WomenJul The Lovely BonesAug Charlotte's WebSep Life of PiOct DraculaNov Gone with the WindDec The Secret GardenConnect With Me!Blog Twitter BookTube Facebook",221,15
13642,A Wizard of Earthsea,Kara Babcock,"1,891",1205,5,"May 8, 2016","This what A Wizard of Earthsea taught me: * To know a thing's true name is to know its nature. * Don't fuck with dragons (unless you know their true names). * Summoning the spirits of the dead is a bad idea, especially on a schoolboy dare. * Truly changing your form is dangerous, because you can become lost in the aspect you assume. * If you find yourself hunted, turn it around and become the hunter. * Above all else, know yourself.I don't know how I acquired this particular copy of A Wizard of Earthsea. It's an old, 1977 reprint that is, aside from its yellowing pages, in remarkably good condition for something that, in its day, cost $1.50 in Canada or 50 p in the UK. It bears no evidence of a previous owner, be that person, library, or used bookstore. Perhaps someone gave it to me. However I got it, I remember that I read A Wizard of Earthsea for a second time through this copy. I read it mostly in the backseat of my mom's van and then in a hair salon while waiting for her to get her hair done. So this book is firmly ensconced in my mind as a book I read ""when I was younger,"" and I associate it with my childhood (even though I suspect I was probably in my early teens).When I first came upon China Miéville a few years ago, I was an adult and approached his books with an adult's ideas about fantasy. I've only ever known Miéville's works through the eyes of adulthood, and that is something outside of my control, but it definitely affects how I view his works. In contrast, Ursula K. Le Guin has been with me my entire life, stalking me, if you will. Curiously enough, her books have never played the formative role in my reading, especially my fantasy reading, that others like The Belgariad, A Song of Ice and Fire, or Hitchhiker's Guide to the Galaxy have done. I don't have a pithy story about reading a Le Guin book as a child or adolescent that then opened my eyes and inspired me to read more fantasy. So it's all the more intriguing that I distinctly remember Le Guin being in my life ever since childhood. I don't remember when I first read one of her books, only that I did. And when I pick up A Wizard of Earthsea, I'm connected to my childhood, to that memory of this particular copy, as well as to memories of reading fantasy in general. This is a gateway book, and that's why it means so much to me.If you don't have this type of connection to Le Guin or to A Wizard of Earthsea, I can understand how easy it is to dismiss this book as a 2- or 3-star endeavour. It's a condensed story with a small cast of characters who aren't necessarily the most intriguing bunch you'll ever meet. There's a lot of narration and exposition covering most of Ged's childhood and adolescent years. It's not exactly the big-budget, epic type of fantasy story that is so popular now. Nor is Ged your typical fantasy farm boy Called to be the Chosen One. He's a wizard of no small talent who, because he's a cocky adolescent boy, screws up and spends no small part of his adult life attempting to rectify the mistake.There's a lot of darkness in this book. It reminds me, this time around, of Arthurian legends: well-meaning, valorous people struggling against their darker selves, and sometimes losing. Even the Knights of the Round Table had the advantage of knowing they were heroes though—Ged is not a hero; he's just this guy, you know? He's not preternaturally gifted with good sense, so like any inexperienced adolescent, he makes bad decisions and is full of flaws. He ditches his master on Gont, Ogion, to go learn wizardry at Roke because he's eager to learn ""real magic."" He feels like Ogion is holding him back (we readers, of course, recognize that Ogion is the wise sensei who teaches his student the value of wisdom and work first). At Roke, Ged allows himself to be manipulated into magical pissing contests by his rival, Jasper. The result is the escape of a ""shadow"" into the world of Earthsea, and its encounter with Ged leaves it with some of his power and a hunger to absorb the rest of his aspect. This would be bad, for Ged, and for the world. But A Wizard for Earthsea shares with Arthurian legend that underlying motif of temptation and the sin of pride: people and magic continually tempt Ged, and his successes are measured in the varying degrees by which he overcomes and rejects those temptations. Sometimes he fails miserably, resulting in the unleashing of a gebbeth into the world! Other times, he succeeds admirably, such as in the case of the dragon Yevaud.Ged's encounter with the dragon of Pendor is nominally what turns him into a legendary ""dragonlord."" He manages to learn the dragon's true name, and with it he wrangles from the dragon a promise never to fly to the Archipelago. The safety of the islands of Earthsea thus secure, he departs Pendor to resume his life and his apparently-eternal flight from the gebbeth.Ged's confrontation with Yevaud is right out of the classical ""man versus beast battle of wits"" canon. What stuck with me for the rest of the book, however, was how Ged deals with Yevaud's brood. He ruthlessly does battle with these dragonspawn, killing six of them. Dragons in Le Guin's Earthsea are predators but intelligent ones: their speech is the same Old Speech from which Earthsea wizards draw power. So I can't help but feel that in slaying these creatures, Ged is wreaking destruction on a much larger scale. He's destroying something unique and wonderful, even if it is dangerous to humans. And Ged is rather cavalier about it: he goes to Pendor because he's decided to leave the town he was protecting from possible dragon attacks, and before he goes he wants to ensure the town will be safe. This is his first act of major wizardry as a full-fledged wizard, and it is interesting that it is one of destruction, even if it benefits those he swore to protect.After his encounter with Yevaud, Ged bums around Earthsea for a little while, faces another great trial, and almost doesn't survive. Fortunately he finds his way back to Ogion, who sets him straight and gives him the best possible advice:If you go ahead, if you keep running, wherever you turn you will meet danger and evil, for it drives you, it chooses the way you go. You must choose. You must seek what seeks you. You must hunt the hunter.If you read A Wizard of Earthsea as a straight fantasy story about good versus evil and wizards and dragons, you will probably be disappointed. Read this way, it's a good book, but it isn't great. It's too brief to be a satisfying epic meal. The strength of Wizard of Earthsea is neither its style nor its substance but its subtext. This book embodies ""literary fiction"" a lot better than much of what gets marketed under that term today. The cover of my edition, aside from its regrettable whitewashing of the characters, seems to support the idea that this is a children's book. The brief description on the back of the book continues this illusion: ""A tale of wizards, dragons and terrifying shadows, in which the young wizard Sparrowhawk strives to destroy the evil shadow-beast he has let loose on the world."" This description does not do the book justice, nor do I think calling A Wizard of Earthsea a ""children's book"" does any favours for the book or for children. This is not a children's book any more than other books that children or adults might read are ""adult books."" This is a book, a book for children and for adults, and frankly one that people should read early and often.I read A Wizard of Earthsea as a child, again as an adolescent, and now I've read it as an adult. Each time, I've read it slightly differently, and it has told me different things; my opinions of Le Guin and her works have changed as my perspective changes from childhood to adulthood. For me, A Wizard of Earthsea is memorable and magical because of what it teaches through its story. It deserves five stars because, for a fantastic tale at a slim 200 pages, this book seems to contain an inordinate amount of truth.My Reviews of the Earthsea series:The Tombs of Atuan →
  
",217,12
13642,A Wizard of Earthsea,J.G. Keely,546,9404,3,"February 10, 2017","As a reader of Fantasy, this book felt like a return home, even though I had never read it before. The tale of this young wizard and his hardships and coming to terms with his own darkness is one that has been redone again and again, from Rowling to Jordan to Goodkind, and so far, despite adding gobs of length and endless details, no one has managed to improve upon it.Though she isn't the first to explore the Bildungsroman-as-Fantasy (Mervyn Peake precedes her), he was an author who eschewed symbolic magic, and so has been duly ignored by most authors and readers in the genre. Le Guin's approach is much more familiar, able comfortably to abide alongside Moorcock, Tolkien, and C.S. Lewis.Yet her work has none of the condescension or moralizing that mark the last two, nor the wild pulp sentiment of the first. Her world unfolds before us, calmly and confidently, as we might expect from the daughter of noted anthropologists.As is often the case in her work, we get poignant asides on human nature, but overall, her depiction here is less novel than in, for example, the Hainish cycle. There is something flat in the plot progression, and as has been the case with every Le Guin book I have read, I found myself longing for her to take things a little further, to expand and do something risky. Often she seems just on the cusp, but rarely takes the step.Part of the flatness is the depiction of the characters, who fall victim to the 'show, don't tell' problem. Again and again, we are told of conversations characters had, of how they reacted, of whether they were clever or unsettling, but we never actually see these conversations take place. Many times, the conversations would not have taken any longer to read than the descriptions of them, so why Le Guin chose to leave so much of her story as an outline of action is puzzling and disappointing.Fundamentally, what characters do is not interesting. What they do does not differentiate them. What is most important is how they do it--their emotional response, their choice of words, the little pauses and moments of doubt. At the end of the day, the four musketeers are all men in the same uniform, with mustaches, dueling and warring and seducing women, but they each go about these things in such distinct ways that we could never mistake one for the other.The import of personality is also shown in Greek tragedy, where we know what is going to befall the character (the plot), but we have no idea how they will react when it happens. All the tension lies within the character's response, not with the various external events that inspire it.So I found it very frustrating that, again and again, Le Guin didn't let the characters do their own talking, and so I often felt estranged from them, that I didn't know them or understand their motivations or interrelationships because the fundamental signs were missing. As we near the end of the story, more and more is revealed in conversation and interaction, but that's the reverse of the ideal: once you have established a character, we can take some of their actions for granted, but it's important in the beginning to let their idiosyncrasies reveal them.As others have pointed out, Le Guin covers a lot of ground in a short span, and perhaps it was a desire to make things brief and straightforward that caused her to take the words from her characters' mouths, but again, it seems backwards to me. I would rather see a story shortened by taking out specifics and leaving promising implications instead of the other way around. A single, well-written action or turn of phrase can reveal more about a character than paragraphs of narration.In her influential essay on fantasy From Elfland to Poughkeepsie, she talks about how Dunsany does not really use dialogue the way other authors do--that indeed, she finds it difficult to locate any sustained conversations in 
  The King of Elfland's Daughter
. Perhaps on some level, she was trying to imitate his style. But, while it works brilliantly for him, it does not serve her as well.The main reason for this is that Le Guin is much more a modern, psychological, realist author than Dunsany. Her fantasy setting is sensible, physical--it feels like a different place, a world like our world. Her characters are inhabitants of that world, the product of its cultures and history. So, when she removes their discourse and means of expression, she closes the reader's window onto the character's inner life.Dunsany, on the author hand, takes a different approach: his worlds are dreamlike, the worlds of fairy tale. His story takes place in the clash between the possible and the impossible, the real and the dream. His characters are not self-contained psychological portraits of individuals, but symbols, appendages of the dreamland he weaves. So it makes sense that they do not express themselves through the dialogue of psychoanalysis, but through the instinctual pre-knowledge of the dreamer.Indeed, Le Guin herself (in that same essay) talks about the danger of imitating Dunsany's style, that it is so unique, and his pen a master's, so that any attempt to recreate what we has done is bound to end in embarrassing failure. Yet, she also remarks, it's a stage most fantasists seem to go through: attempting to produce that sort of natural, lovely false-archaism. She managed to leave that behind, but now I wonder whether she didn't simply end up imitating another of Dunsany's stylistic modes without realizing it--one just as problematic to a thoroughly modern, anthropological writer.What is most interesting about her story is how small and personal the central conflict is. Many authors in fantasy have tried to tackle the conflict of the 'Shadow Self', from Tolkien's Gollum to the twin alter-egos of Anderson's 
  The Broken Sword
, but none have used it as a representation of the internal conflict of the adolescent which must be overcome in order to transition to adulthood.By so perfectly aligning the symbolic magical conflict in her story with the central theme, Le Guin creates a rare example of narrative unity in fantasy. Most authors would have made it a subplot of the grand, overblown good vs. evil story, and thus buried its importance beneath a massive conflict that is symbolic only of the fact that books have climaxes. Once again I am struck with the notion that modern authors of fantasy epics have added nothing to the genre but details and length.If only Le Guin had given her lovely little story the strong characters and interrelationships it deserved, it would have been truly transformative. As it is, it is sweet, and thoughtful, and sometimes haunting--the scenes of stranding on the little island had a particularly unearthly tone--and it lays out an intriguing picture of a young Merlin, but in the end, it felt like an incomplete vision.My List of Suggested Fantasy Books",212,33
13642,A Wizard of Earthsea,Lyn,"1,845",16300,4,"July 5, 2019","A Wizard of Earthsea by Ursula K. Le Guin is a beautiful fantasy. First published in 1968, it has clearly influenced many fantasy novels since. Orson Scott Card, with his 1980s era Alvin Maker series, stated that he wanted to make an American fantasy, and escape or at least distinguish his work from the inherently English Tolkien sub-genre of fantasies. This is not quite such a departure from the Tolkienesque fantasies, but a difference can be seen and enjoyed. Another Goodreads reviewer made the observation that the Harry Potter series has been wildly successful while Earthsea has achieved only a cult following and peer respect. I can wholly agree with this finding and think it too bad that so many young readers have not discovered this gem of the genre. My admiration for Le Guin continues to grow, she is an amazing writer.**** 2018 Re-readSecond time around I was not as entranced by the story itself but still amazed and inspired by her timelessness, her forward vision and for what this book has meant to the genre.I wondered again about the influence this may have had over J.K. Rowling, perhaps has the book itself, or just a foundation on our modern fantasy literature.I also compared the long voyage sequences here to the long walk across the glacier in her Hainish book The Left Hand of Darkness and see that a journey tale may be a ubiquitous theme in her writing, a metaphor for growth and spiritual evolution.A good book by itself and a wonderful work for fantasy writing as a whole.",199,15
13642,A Wizard of Earthsea,Sean Barrs ,"1,099",44100,4,"November 26, 2017","This is old school fantasy at its finest. It has all the classic elements. It has a young and naïve protagonist who learns the dangers of power; he overcomes his initial stupidity and learns how to wield his power effectively. It also has wizards, dragons and creatures of great evil. It’s a standard fantasy plot, delivered in basic way, but, nonetheless, it is still great. I think this is because of the plot itself. Le Guin drew me in completely, and made me reach the ending rather quickly. I had to discover how a young mage could defeat a dark and corrupted version of himself, one that had left him scarred forever and running in fear.  A story of growth and magic Ged is your typical protagonist; he is brave, honest and good. He goes on a journey of self-discovery in which he learns the limits, and potential, of his power. He has rather humble origins; he began life as a mere goat herder. Through this he learnt how to take care of himself rather than rely on others. However, he is also very young and rash. With his innate magical power also comes the innate arrogance that can only be associated with a wizard. He is easily tempted and goaded. A fellow apprentice entices him into a magical duel, which turns disastrous. In the process of working an extremely complex spell, aimed at the other wizard, the young Ged accidently summons great evil into the world. “You thought, as a boy, that a mage is one who can do anything. So I thought, once. So did we all. And the truth is that as a man's real power grows and his knowledge widens, ever the way he can follow grows narrower: until at last he chooses nothing, but does only and wholly what he *must *do . . .” He spends the rest of the novel trying to redeem this initial folly, and trying to survive the thing that he has actually summoned. It is a dark horror, and one that only he, personally, can defeat because he was the one who called it forth. This is a harsh lesson for Ged, and, undoubtedly, one that will make him into a much better mage. He learns caution and develops wisdom; he learns to listen and take the advice of those who are more experienced than himself. But, more importantly, he learns not to be so foolish with magic in the future because it could easily lead to his own ruination. Magic is most dangerous, in this world, and it must be handled with care.  Short and sweet  The narrative of this is incredibly bare and simple, surprisingly so. The author doesn’t dwell on things, as she is constantly pushing the story forward. The prose is basic and unembellished, but at the same time it is delivered perfectly. She tempts you to reach the end and see the worthy resolution with your own eyes. The ending is also delivered in a quick and frank manner, which completely reflects her storytelling in general. This book could have, quite easily, been four times the length. But, Le Guin’s style is quick and sharp. She doesn’t mess about with her characters. They’re there to be seen rather than described. This is a style rarely found in fantasy, and most of the time it doesn’t work that well, but in this can Le Guin does in masterfully. She gives you just enough to add depth, and in the process she doesn’t waste a single word or drag you on a long and tireless journey. I don’t think many authors could quite achieve this balance in the genre. I can’t believe that I’ve only just read this. Le Guin is clearly a major voice in the fantasy genre, yet her existence is quite new to me. When reading this I noticed many ideas that I’ve seen several times before in fantasy, yet, I never really considered with whom these ideas originated. Indeed, Le Guin created the first school of magic. It is vast and excellent, but largely underrepresented in the story. Pat Rothfuss and J.K Rowling took this idea, and actually made it better in their novels because it is the centre point of their worlds. Le Guin, however, uses the entire world of Earth Sea to tell her story. I think because of this I have a clearer mental image of her world when compared to other fantasy universes. One thing is for sure, this won’t be the last Le Guin book I read.  Earthsea Cycle1. A Wizard of Earthsea-  Four worthy stars 2. The Tombs of Atuan- A redeeming four stars3. The Farthest Shore- A strong four stars",167,20
13642,A Wizard of Earthsea,Candi,598,4532,5,"April 21, 2018","""A man would know the end he goes to, but he cannot know it if he does not turn, and return to the beginning, and hold that beginning in his being. If he would not be a stick whirled and whelmed in the stream, he must be the stream itself, all of it, from its spring to its sinking in the sea.""Three years ago I picked up my first Ursula K. Le Guin novel, The Left Hand of Darkness. I did so as part of a challenge to read a science fiction book, a genre in which I was not at all well-read. I didn’t really expect to like the book, but was happy to check one off the list. To my great surprise, I adored it! In fact, I still think about it fairly regularly, even with loads of other books read between now and then. I was determined to read more of her work and see if it was just a fluke that such a novel would appeal to me. I had seen a copy of A Wizard of Earthsea at a used bookshop at the time and hesitantly purchased it - an illustration of a wizard with staff in hand and a dragon on the cover very nearly told me to leave well enough alone, but I risked it. I’m not necessarily a fantasy kind of gal either… with a couple of exceptions. It has sadly sat on my own shelf for three years, until two of my Goodreads groups recently decided to read her work shortly following Le Guin’s passing. I jumped at the opportunity, and once again was astonished by both the writing as well as the perceptive concepts developed within. I won’t attempt to make any sort of comparison between this book and others within the genre, as I am not qualified to do so. I am aware that J.R.R. Tolkien came first and J.K. Rowling after. I cannot delve into a written discourse on the elements of fantasy or the influence of various genre writers upon one another. What I can do is tell you why I admired this work of fiction. The quote I’ve included at the start of my review is one that illustrates a journey of sorts. That is what I feel this book on its most basic level embodies – not just a trek across the lands of Earthsea, but a journey of the self, a discovery of one’s very substance or essence. I can see the similarity between Ged’s quest in this book and that of Genly Ai’s flight across the harsh and icy landscape of the planet Winter in The Left Hand of Darkness. Two very different characters with distinctive lessons to be learned along the way, both Ged and Genly develop and make discoveries of self as well as understanding of others. At the beginning of The Wizard of Earthsea, we meet a boy born with special gifts; one destined to become the greatest wizard of Gont… a young man called by his 'use-name', Sparrowhawk, and later by his 'true-name', Ged. Le Guin makes a distinction between use-names (or nicknames) and true-names, with true-names not being known to all, but rather to a select few that can be trusted to keep this secret. For, in Earthsea it is believed that: ""Who knows a man’s name, holds that man’s life in his keeping."" When we first meet Ged, or Sparrowhawk, he is a teenager with a temperament that one might expect from a ‘typical’ teen. He is naïve, a bit rash, and prone towards arrogance. He is a ‘know-it-all’ who can let pride in his power get in his way. I didn’t like him initially, but he seemed very real to me as a result. Full of natural flaws, he is not a typical hero. He could have been one of us. He eventually goes to train on Roke Island, essentially at a school for wizards-to-be. He is sent there on the advice of Ogion, his quintessentially wise early master in the craft. Ogion, in fact, is one of my favorite characters. He sends Ged forth with such prudent advice as ""To hear, one must be silent,"" and ""Have you never thought how danger must surround power as shadow does light?... every word, every act of our Art is said and is done either for good, or for evil. Before you speak or do you must know the price that is to pay!"" Sensible words that can be applied to more than just your standard wizard-in-training!Pride is not easily shed, however, and as a result Ged lets loose upon the land of Earthsea a dark and dangerous creature. This evil entity will haunt his dreams as well as his waking moments. He is kept safe from this being by the Nine Masters of Roke and the Archmage while continuing to study under their tutelage. But, as we all know, one reaches adulthood and must strike out on his or her own given the knowledge and tools that have been imparted to us. Thus Ged goes out into the world as a wizard yet with the fear of this creature termed ‘gebbeth’. As he travels from land to land, Ged is pursued by this gebbeth, endangering those inhabitants of Earthsea with whom he settles for a time. As a result he moves on until he realizes that the cycle can only be broken if the hunted in fact becomes the hunter. Thus begins a new journey to seek the gebbeth and destroy it. But in order to do so, Ged must know its ‘true-name’, a name that eludes him. Many of his encounters are dark and frightening and I found the plot to move forth quickly and dramatically; it was quite gripping! At times it seemed the being would overwhelm him completely. ""The body of the gebbeth has been drained of true substance and is something like a shell or a vapour in the form of a man, an unreal flesh clothing the shadow which is real. So jerking and billowing as if blown on the wind the shadow spread its arms and came at Ged, trying to get hold of him … devouring him out from within, owning him, which was its whole desire."" I can’t give away whether gebbeth or wizard wins in the end - you’ll have to grab a copy for yourself to find out. Needless to say, I loved it. It is a quick read for a fantasy novel, with so much packed inside. There are moments of great adventure, but also a lot of introspection which I highly esteem. You have to open up your mind to fantasy a bit to read this, but you most certainly don’t have to be a genre fan to appreciate the messages Le Guin offers to us. The world-building was excellent and I loved the growth of Ged throughout. Le Guin's themes are so compelling and leave me reflecting for quite some time after reading her work. Her worlds are a place where we can go and allow ourselves to think about ideas in ways that we otherwise might not. She helps to open our minds by painting a vivid world first, and then makes us take the next step and learn that there are in fact other ways of thinking about our own worlds and those within them. 4.5 stars rounded up to 5 for this excellent work!""… a man: who, knowing his whole true self, cannot be used or possessed by any power other than himself, and whose life therefore is lived for life’s sake and never in the service of ruin, or pain, or hatred, or the dark.""",134,48
13642,A Wizard of Earthsea,Tatiana,"1,379",11700,2,"December 29, 2010","I can't believe I am giving a Le Guin book 2 stars, I have nothing but respect for this writer and her work, but alas, A Wizard of Earthsea was a chore to get through. Frankly, I only enjoyed the very beginning and the very end of this story. What's in between is excruciatingly boring. A Wizard of Earthsea is an introspective book. What I mean is, it's all about one wizard's personal quest to overcome the dark entity - Shadow - that he unleashed during a youthful boasting about his magical powers. Ged spends the majority of the novel feeling ashamed of his deed, or running away from the Shadow or, in the end, finally confronting it. It is not a bad tale on the intellectual level, that's why the book has such a strong following. But as a reading experience it was underwhelming. There are no interesting personalities or relationships in this book, no adventures. Just a very, very dry, almost didactic, quest. I look back at some science fiction works of Le Guin's - Four Ways to Forgiveness or The Left Hand of Darkness - they blew my mind. A Wizard of Earthsea just didn't.Listening to this novel as read by Harlan Ellison was an experience in its own. This person really overdid it, emphasizing stuff and yelling and stammering every other sentence. None if which was in the novel. At times I could almost feel him spitting during the reading. But in the end, this narrator did the job for me. When I tried finishing the novel on my own, I was bored to death, so only thanks to him I was able to get to the finish line at all. The lesson here, I guess, is that I should stay away from Ursula K. Le Guin's fantasy, which I will gladly do. ",120,34
13642,A Wizard of Earthsea,Emily (Books with Emily Fox),525,56600,2,"February 6, 2017","So... this really wasn't for me!I love fantasy and the overall story was good, the writing was beautiful (definitely helped me practice my english!) but I was so bored. Like REALLY bored. I ended up skimming a bit..It reminded me of Uprooted - which I also didn't like! Also couldn't get attached to the main character due to the third person narration and how often months or years of his life were described in one sentence.Will not continue the series.",116,7
13642,A Wizard of Earthsea,Melissa ♥ Dog/Wolf Lover ♥ Martin,"3,365",9426,3,"February 4, 2019",I’m reading these one at a time but I have that big ole chunker of a book with all the illustrations. I will add it at some point! I enjoyed the book. I was pulled in at the beginning but it let some slack in a little later. I’m going to keep on with them because I do like it!Happy Reading! Mel 🖤🐶🐺🐾,107,6
13642,A Wizard of Earthsea,Michael,657,969,4,"December 25, 2020","a dreamlike fantasy novel charting the coming of age of a wizard, born in a marginal land but destined to become great. written before works of fantasy became widespread, the novel hits most of the beats that came to define the genre, but quietly subverts others; most of the characters aren’t white, the land doesn’t much resemble England or continental Europe, war’s absent, community’s valued over individualism. Le Guin’s prose is tailored to the tastes of teens—simple, stark, sensuous—and in spite of a conventional start and end the plot takes many hallucinatory turns that make the middle feel fresh.",94,3
13642,A Wizard of Earthsea,Bionic Jean,"1,212",999,5,"May 6, 2022","“In the Creation of Ea, which is the oldest song, it is said, 'Only in silence the word, only in dark the light, only in dying life: bright the hawk’s flight on the empty sky.’”“Back then, in 1967” Ursula Le Guin once commented, “wizards were all, more or less, Merlin and Gandalf. Old men, peaked hats, white beards. But this was to be a book for young people. Well, Merlin and Gandalf must have been young once, right? And when they were young, when they were fool kids, how did they learn to be wizards? And there was my book.”Think of a novel suitable for a young adult readers, about a young wizard who displays great powers and enrols at a school for wizards; a coming of age story, which led to many sequels. Immediately, Harry Potter will spring to most people’s minds. Now put all that aside, if you can, as this is a very different take on the theme. The first book of Ursula Le Guin’s series was written far earlier than J.K. Rowling’s, and is far darker than the first of hers. The world depicted here is not a comfortable familiar one, but an entirely new world of fantasy, peopled with different humans, cultures and concerns. And the magic here is never to be taken lightly.“… you must not change one thing, one pebble, one grain of sand, until you know what good and evil will follow on that act. The world is in balance, in Equilibrium. A wizard’s power of Changing and Summoning can shake the balance of the world. It is dangerous, that power…It must follow knowledge, and serve need.”The idea of a “school for wizards” seems to have originated with Ursula Le Guin. When A Wizard of Earthsea was first published in 1968, the idea was genuinely new and startling, although there have subsequently been many copies. In Great Britain, the prestigious “Times Literary Supplement” observed:“Any quick list of the outstanding books for the young of the past forty years or so will reveal that all have drawn on the extra dimension of magic or fantasy – Tolkien, White, Lewis, Pearce, Garner, Hoban and the rest,”and went on to say that many other authors would draw on the same sources, but would quickly be forgotten. Maybe one novel a year would be good enough. They confidently predicted:“there seems little doubt that A Wizard of Earthsea is the likeliest candidate that we have had for some time: if a book as remarkable as this turns up in the next twelve months we shall be fortunate indeed.It is doubtful if a more comprehensive account of a sorceror’s training exists anywhere in fiction outside the Earthsea chapters.”A bold assertion indeed! And surprising too was the fact that Ursula Le Guin was American, since the authors held up for comparison were almost exclusively British. In the 1960s and 1970s there seemed to be an endless supply of Fantasy books, all proudly claiming to be by “the new Tolkien”. All had invented lands and peoples, and all had the compulsory map at the beginning of the book. Few have lasted. Even now, the genre is saturated in both Britain and the USA - and comparisons are still made with Tolkien. Yet reading A Wizard of Earthsea again many decades later, the novel holds its own and stands apart from, and often above, any competition.One subtle difference is in tone. Fantasy stories usually depict the opposing forces of good and evil, but the reader is sure that good will win out in the end. Hence, in the “Lord of the Rings” trilogy, Gandalf opposes Sauron, in the “Narnia” books Aslan’s enemy is the White Witch, and Harry Potter’s of course, is Voldemort. But in A Wizard of Earthsea, we do not find the main character to be an upright, appealing character at all. The little boy Duny becomes reckless and proud when he sees his powers, and is named “Sparrowhawk” (or “Ged”). He is more of an anti-hero, at the beginning at least. Ged is so arrogant that he eventually raises evil powers which plague and follow him. We are never really sure whether the tormented Ged will be defeated by them, or succumb to them totally. In the end,  we learn that what we had thought was evil was really a part of the hero himself. It is not very easy to defeat evil when it is hard to recognise what is good and what is evil in the first place. For part of this story, a luxurious life tempts Sparrowhawk, but who is to say whether this is good or evil? Many of Ursula Le Guin’s works make us question assumptions, and tend to avoid simple moral victories. But present-day readers new to A Wizard of Earthsea may not like this arrogant teenager, being used to more personable youngsters with a high moral code as their fantasy heroes. Either that or cardboard “tough-guy/tough gal” action heroes.Another element which sets this apart from other fantasy novels is the writing style, which is very reminiscent of folklore. There are simple axiomatic truths, easy to remember and quote:“To light a candle is to cast a shadow”“To hear, one must be silent”“What one does not know, one fears”“It is light that defeats the dark”“one cannot look into a dragon’s eyes”“Infinite are the arguments of mages”And these maxims take on a moral import:“Manhood is patience. Mastery is nine time patience”“The wise needn’t ask, the fool asks in vain”“But need alone is not enough to set power free: there must be knowledge”“It is very hard for evil to take hold of the unconsenting soul”Ursula Le Guin also included many factual aspects of known folklore in her books. For instance in some cultures, people believe that if they allow their photograph to be taken, then the photographer has captured their soul. In others, it is believed that your true name is something which can be used to control you. This aspect is an essential truth in the magic of Earthsea, and lies at the foundations of its system of magic.Fascinating details such as these add to the authentic feeling - the “truth” of A Wizard of Earthsea. Ursula Le Guin had developed her interest and knowledge of the folklore traditions of various cultures from her parents who were the famous anthropologists, Alfred L. Kroeber and Theodora Kroeber. The initial “K” in her name is after them.Perhaps surprisingly for a book originally in 1968 by a white female, is the fact that most of the major characters are not white. For some reason, this fact is often changed when the novels are dramatised, but there are many races in Earthsea. “Sparrowhawk” himself has red-brown skin; most are dark or black, and very few of the characters seem light-skinned. Ursula Le Guin once said that the only illustration of Ged which she felt was authentic, out of all the book and film versions, was this one by Ruth Robbins: Here is another race:“The tongue they speak there is not like any spoken in the Archipelago or the other Reaches, and they are a savage people, white-skinned, yellow-haired, and fierce, liking the sight of blood and the smell of burning towns.”This is a very refreshing reversal of the contemporary stereotype, and sets it apart from other American and British fantasy novels of the time. Ursula LeGuin herself commented on this fact:“In other ways my story didn’t follow the tradition. Its subversive elements attracted little attention, no doubt because I was deliberately sneaky about them. A great many white readers in 1967 were not ready to accept a brown-skinned hero. But they weren’t expecting one. I didn’t make an issue of it, and you have to be well into the book before you realize that Ged, like most of the characters, isn’t white.”There are actually six “Earthsea” books altogether. Although most references are to “The Earthsea Trilogy”, there are five novels, plus a book of short stories. The first three were published fairly close together (1968, 1971, and 1972), and the last three were written much later. After eighteen years, in 1990, the fourth was published, and the fifth (the collection of stories), and the sixth both came out in 2001. All the books focus on different aspect of Earthsea, but every novel in the series has been highly acclaimed, and every one has won an award.Her descriptions are always atmospheric, and sometimes terrifying:“… the thing that hunted him must be very close upon him now. That thing was bodiless, blind to sunlight, a creature of a lightless, placeless, timeless realm. It must grope after him through the days and across the seas of the sunlit world, and could take visible shape only in dream and darkness..”“Through it blazed a terrible brightness. And through that bright misshapen breach clambered something like a clot of black shadow, quick and hideous, and it leaped straight out at Ged’s face.” “It is the shadow of your arrogance, the shadow of your ignorance, the shadow you cast.”Yet A Wizard of Earthsea is at its heart a coming-of-age story. It is the tale of a young boy who is brought up by his father and an aunt who has a little magic. He runs wild, and has a proud nature. Duny quickly discovers that he has unusual magic powers, far greater than those of his aunt. At first he uses these to help his community,  defending his town when Kargish raiders attack but he becomes arrogant and impatient with those around him, wanting more opportunities and recognition. Most of all, he does not want to grow up to be like his father.Because he has become noticed as having a special ability with magic, the boy is taken in as an apprentice by the mage Ogion, who gives the boy his true name, “Ged”. Only later was he to learn how precious and powerful a true name was:“In that moment Ged understood the singing of the bird, and the language of the water falling in the basin of the fountain, and the shape of the clouds, and the beginning and end of the wind that stirred the leaves: it seemed to him that he himself was a word spoken by the sunlight.”“Magic consists in this: the true naming of a thing”These people from a pre-industrial society have different ideas and concepts; a different and more instinctive way of thinking. “Old Hardic”, is the language which magicians use to cast spells, and it is supremely powerful. Not only is magic only possible if you know the true names, but Ged clearly even believes his true self, or essence, consists in a word spoken by the sunlight; which is quite a difficult concept to grasp.Ogion tries to teach Ged about magic and the balance of powers, but very soon Ged meets someone who may not be what she seems. This only serves to fuel his arrogance, and he attempts to summon  a dead spirit. Ogion has to use all his powers to stop the incantations, and offers Ged a choice.Ged chooses to develop his powers further, voyaging far away to the island of Roke, where there is a school for wizards. Here he makes friendships and enemies Vetch, and Jasper . But still:“he was all work and pride and temper and held himself apart”Language is power: quite literally in Earthsea. The language of magic is often a hidden secret; wizards guard their secret spells and everyone guards their secret name. Even though they were so close, Ged never learned Ogion’s true name. And later too, we see an instance where Ged cannot talk to the two castaways, who were Kargish royal exiles because he doesn’t speak their language. Gaining confidence rather than mere posing and bluster is difficult. We see that this young teenager is still very rebellious, and also insecure. From a poor background, he feels socially and culturally challenged by some of the other many races at the school on Roke. Ged is still very proud of his talents, and to demonstrate his skill, he recklessly tries once again to summon  a creature from the undead, this time succeeding in summoning a shadow monster which is to follow him for the rest of the novel. He is in peril of his life, but the Archmage of Roke saves him, and banishes the shadow from Roke: an immense feat of magic, which drains his energy and takes his life. After this Ged continues to study magic, but his personality changes. He becomes keen to do good in the world, and to use his powers for great work. There follows one of the most exciting few chapters after Ged has graduated, involving protecting a small town from the dragons of Pendor:“On the wind over the grey waves they doubled, snapped, swooped, lunged, til smoke roiled about them red-lit by the glare of their fiery mouths.” This culminates with Ged's encounter with Yevaud, the greatest dragon, over whom he gains mastery by challenging him with his true name .“Old Speech binds a man to truth, this is not so with dragons. It is their own language and they can lie in it, twisting the true words to false ends, catching the unwary hearer in a maze of mirror-words each of which reflects the truth and none of which leads anywhere.”Such a portrayal of dragons as essentially deceitful, persists in fantasy literature.Ged has many other voyages, trying all the time to not put others at risk from  the shadow which pursues him, but he is deceived by a woman whom he met as a child, who also had some magic powers. We learn that the life of luxury she and the Lord of the Terrenon offer him is based on evil. Ged only manages to escape after turning himself into a falcon, and nearly losing his true nature in the process. It is only by returning to Ogion in his falcon form, that he manages to regain his true self. Ogion advises Ged to start being the hunter rather than the hunted.“Ged went on, falcon-winged, falcon-mad, like an unfalling arrow, like an unforgotten thought, over the Osskil Sea and eastward into the wind of winter and the night.”We learn of gebbeths, who drain the original body and put an evil spirit in their place, and we learn the danger of only “seeming”. And we meet an old friend  Vetch, who has stayed loyal to Ged through all his trials, and even trusted him with his true name, “Estarriol”. The ending is dramatic, exciting and unpredictable. It perfectly demonstrates how  Ged gains a deeper understanding of himself, by confronting the shadow he has created through his own ignorance and pride. Since it is really his own shadow, and a part of himself, it is absorbed by him. A Wizard of Earthsea is an amazingly inventive and gripping example of a coming-of-age story, but it has all the basic features too. Ged starts as an arrogant, dangerous child, and over the course of the novel, makes great strides in maturity, learns a little humility, and in developing his skills to learn what his place is in the world. Although still only around twenty by the end of the novel, he has made immeasurable progress in terms of his education, friendship, loyalty, kindness and duty.It is always more fun to see someone with super powers as a hero. A lot of young adult novels tend to follow powerful and potentially important characters. For instance, “Harry Potter and the Sorcerer’s Stone”, and “The Lightning Thief” both follow this convention, and through the telling of the the story, we see the young magicians realise the limits of their power, and how they learn to be responsible for what they can do with it.But this novel is far more than a coming of age novel set in a vaguely described fantasy world. Earthsea is a complex invented world, with many cultures, races, systems of language and magic; it is rich and multi-layered. The writing too lifts this book well above the average, with its language style, atmosphere, and recurring themes and metaphors.A Wizard of Earthsea is saturated with mentions of shadows and fog; there are around a hundred mentions, despite its short length. Every time there is a significant event, the shadows are there; perhaps because shadows and mist create more powerful and subtle images than total darkness:“To light a candle is to cast a shadow …” Light and shadow are inextricably linked, and symbols of the balance, which is unalterable. From the very beginning Sparrowhawk uses fog and shadows to deal with the Kargish raiders. Then during his naming ceremony, clouds cover the sun and cast shadows. When Ogion takes Ged with him, they “pass through the leaves and shadows of bright autumn”. Light and shadow; maintaining the equilibrium.Another powerful motif or even metaphor, is that of birds. Ged summons falcons to him, which is why people call him “Sparrowhawk”; Ogion lives in “Re Albi”, which means “Falcon’s Nest”. When Ged meets Archmage Nemmerle, he seems to understand the singing of the birds. His friend Vetch imagines Ged flying high like a hawk, and Serret, who is married to Benderesk, the lord of the Terrenon, turns herself into a gull to escape the Servants of the Stone, just as Ged turns into a falcon to fly back to Ogion. Birds are certainly a potent image. Although the peoples of Earthsea would be familiar with birds, they retain a mysterious quality: that of flight. They have the power of freedom, to escape by flying, which seems magical to these peoples. And they sing, which is yet another language. For these people of early civilisations, having no machines, song and dance are particularly important in Earthsea’s culture. All of their historical lessons are put into poems and songs, which the Master Chanter teaches the students at the school of magic. And one of the most important ceremonies of Earthsea is the “Long Dance”: their New Year’s celebration, when they sing about their island and Earthsea’s history, and perform dances to welcome in the new year. By performing these ceremonies at the same time, all the peoples of Earthsea share a connection, and begin to communicate between themselves.“So, as the mageborn will, Ged made his fear and regret into a song, a brief lament, halfsung, that was not for himself alone.”The story of Ged, A Wizard of Earthsea, is one which is shared, throughout the many lands of Earthsea, and for us, it is a phenomenal introduction to the series. The world of Earthsea is full of supernatural elements: wizards, dragons, swords and stones. Yet not everything is ruled by Fate; there are plenty of areas where Ged has to make difficult choices, and we are fascinated by watching how he matures during the story, and wondering whether he will eventually succumb to the darkness. And it is an excellent foundation for beginning the Earthsea books too, because by making Ged voyage throughout all the tiny islands of the archipelago, as well as the outlying Reaches, Ursula LeGuin provides us with a firm basis to read the rest of her novels in this wonderful series.“It is no secret. All power is one in source and end, I think. Years and distances, stars and candles, water and wind and wizardry, the craft in a man's hand and the wisdom in a tree's root: they all arise together. My name, and yours, and the true name of the sun, or a spring of water, or an unborn child, all are syllables of the great word that is very slowly spoken by the shining of the stars. There is no other power. No other name.”[""br""]>[""br""]>[""br""]>[""br""]>[""br""]>[""br""]>[""br""]>[""br""]>[""br""]>[""br""]>[""br""]>[""br""]>[""br""]>[""br""]>[""br""]>[""br""]>[""br""]>[""br""]>[""br""]>[""br""]>[""br""]>[""br""]>[""br""]>[""br""]>[""br""]>[""br""]>[""br""]>[""br""]>[""br""]>[""br""]>[""br""]>[""br""]>[""br""]>[""br""]>[""br""]>[""br""]>[""br""]>[""br""]>[""br""]>[""br""]>[""br""]>[""br""]>[""br""]>[""br""]>[""br""]>[""br""]>[""br""]>[""br""]>[""br""]>[""br""]>[""br""]>[""br""]>[""br""]>[""br""]>[""br""]>[""br""]>[""br""]>[""br""]>[""br""]>[""br""]>[""br""]>[""br""]>[""br""]>[""br""]>[""br""]>[""br""]>[""br""]>[""br""]>[""br""]>[""br""]>[""br""]>[""br""]>[""br""]>[""br""]>[""br""]>[""br""]>[""br""]>[""br""]>[""br""]>[""br""]>[""br""]>[""br""]>[""br""]>[""br""]>[""br""]>[""br""]>[""br""]>[""br""]>[""br""]>[""br""]>[""br""]>[""br""]>[""br""]>[""br""]>[""br""]>[""br""]>[""br""]>[""br""]>[""br""]>[""br""]>[""br""]>[""br""]>[""br""]>[""br""]>[""br""]>[""br""]>[""br""]>[""br""]>[""br""]>[""br""]>[""br""]>[""br""]>[""br""]>[""br""]>[""br""]>[""br""]>[""br""]>[""br""]>[""br""]>[""br""]>[""br""]>[""br""]>[""br""]>[""br""]>[""br""]>[""br""]>[""br""]>[""br""]>[""br""]>[""br""]>[""br""]>[""br""]>[""br""]>[""br""]>[""br""]>[""br""]>[""br""]>[""br""]>[""br""]>[""br""]>",89,29
13642,A Wizard of Earthsea,Apatt,507,751,5,"April 21, 2017","I remember reading this book as a child and loving it, and that is all I can remember, the reading and the loving. Anything about the contents has slipped through the old grey cells somehow. As it turned out my brain knew what it was doing when it jettisoned all the details of the book so yesterday I was able to read it as if for the first time. Like A Virgin.Nowadays any fantasy book that features a school of wizardry can not help but bring up Harry Potter comparisons (I can't help it anyway). A Wizard of Earthsea was published several decades before Harry Potter and the Sorcerer's / Philosopher's Stone, and I wonder how much of it inspired the Rowling books. No disrespect to the deservedly popular Potter series but certainly Earthsea's Roke Island's school of magic seems like a precursor to Hogwarts, and Le Guin's protagonist Duny / Sparrowhawk / Ged starts off as a boy with an unusual degree of natural talent for magic. In all fairness, the similarities dwindle to nothing by about half way point through A Wizard of Earthsea though. OK, got that out of the way, no more pointless HP comparisons henceforth.Ged by David LuptonA Wizard of Earthsea is - to some extent - a bildungsroman about a boy name Duny who has an unusually high aptitude for learning and using magic. After saving his village from invaders, he was discovered by a wizard who gave him his true name Ged. After travelling with the wizard for a while and not learning very much magic thanks to the wizard's ""Mr. Miyagi"" style of teaching he was sent to the Roke Island to enroll in a wizardry school. He learned magic very quickly of course but soon make a huge mistake and accidentally invoked Something Better Left Alone. Much gnashing of teeth and a search for redemption ensues. (I am appallingly bad at synopsizing as you can see).When Ms. Le Guin wrote this book in the 60s there was not much of a fantasy genre, some Tolkiens here some Lewises there, very little else. This makes A Wizard of Earthsea something of a landmark for the now thriving fantasy genre. Also, in those days, the term ""magic system"" did not exist but Le Guin knew even then how thoughtless, frivolous use of magic in a book can render the story unbelievable. So she cleverly imposed some logic and limitation to the use of magic and thereby created one of the earliest magic systems. 
  ""Listen, I don't understand: you and my brother both are mighty wizards, you wave your hand and mutter and the thing is done. Why do you get hungry, then? When it comes suppertime at sea, why not say, Meat-pie! and the meat-pie appears, and you eat it?""	""Well, we could do so. But we don't much wish to eat our words, as they say. Meat-pie! is only a word, after all... We can make it odorous, and savorous, and even filling, but it remains a word. It fools the stomach and gives no strength to the hungry man.""
 See what I mean? Genius! The magic in the Earthsea universe is based on the ""words of power"" and ""true name"" idea. ""One who knows the true name of an object has power over it."" is fairly self-explanatory, this applies to people's names also; giving someone your true name is a little like giving them your Paypal password, not something to be done lightly.Art by David LuptonThe book is necessarily fast-paced and eventful due to minimal length though the climax is not as spectacular as I thought it would be, it is quite satisfying and leads to an elegant wrap up of the story. The prose is beautifully written as you'd expect from Le Guin, the book was written for children so it is more easily accessible than her adult science fiction books. Don't let the ""for children"" label put you off, though, there was no YA category at the time, or this book would have been hailed as the best of them. Characterization is very nicely done, Ged starts off as a fairly typical arrogant young whippersnapper and grows into a kindhearted, responsible (and melancholy) adult. If you have kids this would be a great book to read to them. The principle of ""with great power comes great responsibility"" is much better learned here from Ged's experiences than from Peter Parker's.Another thing I remember from my first reading of this book in my teens is that I could not get into the second book The Tombs of Atuan due to the switch to a new protagonist, I wanted so much to know what Ged is going to do next. I was a stupid kid. At least now I have more Earthsea books to look forward to. Art by David LuptonNotes:• Margaret Atwood Explains Why A Wizard Of Earthsea Is A Masterpiece �� David Mitchell on Earthsea – ""a rival to Tolkien and George RR Martin""• Beautiful new illustrated edition",85,16
13642,A Wizard of Earthsea,Ashleigh (a frolic through fiction),442,6500,3,"April 27, 2020","Read for the Earthsea readalong I'm hosting, #LeGuinAlong! More info hereWell this was a bit of an odd one. I both did and didn't enjoy it. This book definitely has the classic fantasy feel to it, with its lengthy descriptions and epic journeying. But I have to admit, the only thing motivating me to pick it back up again was my host role in the readalong. It took me two weeks or so to read a book only 170 page long, not because of anything outright bad, but it just seemed to miss the mark.While I usually love in-depth world building, the extent of it in this book felt a little off balance. Every time Ged arrived on a new island - which was numerous times in most chapters - at least a page would be spent explaining said island, info-dumping a whole host of names and facts on you that actually aren't relevant at all. If it was woven more subtly into the text as the story continued, I probably would have loved it. I love seeing a world so thoroughly built. But instead, the plot would come to a shuddering halt every time, and it just threw the pacing off entirely. It didn't help that in comparison, any action or development scenes appeared skipped over. We spend the first five chapters being told Ged is learning magic, but see nothing of it. Instead, the various buildings of the School on Roke are described and followed with a simple ""and this is where Ged went to learn next"" before skipping to him having acquired this new knowledge. It felt...unbalanced.That being said, I did enjoy reading it. It felt like one of those books you can't rush, one you had to take your time with and appreciate every word. It felt like an epic story despite being so short. I found the magic system an interesting one, the idea of names and power being one that's lived throughout history. Small ties like that only helped it feel like a long, legendary story.With only a small cast of characters, there wasn't too much to get your teeth into. Ged is, quite frankly, insufferable to start, with all the ego and arrogance you can expect from someone who has been told he's naturally powerful. But it was interesting seeing him learn humility - granted, he still manages to bulldoze into every situation with choices that make you want to facepalm. But with no dithering on decisions, he kept the action going probably as quick as it could have been (considering the writing style). There weren't many side characters, though the ""antagonists"" all proved interesting dynamics simply because when you take away Ged's perspective, it's not actually all that simple. I have to admit that though she played a small role in the book, Yarrow quickly became one of my favourite characters for all her inquisitiveness in an overwhelmingly masculine society...and also maybe because of the teeny pet dragon.So, all in all, bit of a mixed review. All I can say is I both enjoyed and disliked this book at once, and the liveshow for it should be an interesting one (happening on my channel Saturday 2nd May, 8pm UK). I'm excited to see where the next book goes, especially after the hints we received about that plot line in this one...",72,8
