Title,URL
Ways of Seeing,https://www.goodreads.com/book/show/2784.Ways_of_Seeing
The Story of Art,https://www.goodreads.com/book/show/222078.The_Story_of_Art
The New Drawing on the Right Side of the Brain,https://www.goodreads.com/book/show/627206.The_New_Drawing_on_the_Right_Side_of_the_Brain
Steal Like an Artist: 10 Things Nobody Told You About Being Creative,https://www.goodreads.com/book/show/13099738-steal-like-an-artist
Wall and Piece,https://www.goodreads.com/book/show/114683.Wall_and_Piece
The Artist's Way: A Spiritual Path to Higher Creativity,https://www.goodreads.com/book/show/615570.The_Artist_s_Way
Art and Fear: Observations on the Perils (and Rewards) of Artmaking,https://www.goodreads.com/book/show/187633.Art_and_Fear
Girl with a Pearl Earring,https://www.goodreads.com/book/show/2865.Girl_with_a_Pearl_Earring
The Art Book,https://www.goodreads.com/book/show/567616.The_Art_Book
The Letters of Vincent van Gogh,https://www.goodreads.com/book/show/395233.The_Letters_of_Vincent_van_Gogh
Concerning the Spiritual in Art,https://www.goodreads.com/book/show/857502.Concerning_the_Spiritual_in_Art
Seven Days in the Art World,https://www.goodreads.com/book/show/6988014-seven-days-in-the-art-world
The Goldfinch,https://www.goodreads.com/book/show/17333223-the-goldfinch
History of Beauty,https://www.goodreads.com/book/show/10505.History_of_Beauty
On Photography,https://www.goodreads.com/book/show/52372.On_Photography
Color and Light: A Guide for the Realist Painter,https://www.goodreads.com/book/show/8384010-color-and-light
The Diary of Frida Kahlo: An Intimate Self-Portrait,https://www.goodreads.com/book/show/91760.The_Diary_of_Frida_Kahlo
Understanding Comics: The Invisible Art,https://www.goodreads.com/book/show/102920.Understanding_Comics
The War of Art: Winning the Inner Creative Battle,https://www.goodreads.com/book/show/1319.The_War_of_Art
Art Through the Ages,https://www.goodreads.com/book/show/32525.Art_Through_the_Ages
M.C. Escher: The Graphic Work,https://www.goodreads.com/book/show/276287.M_C_Escher
Leonardo da Vinci,https://www.goodreads.com/book/show/34684622-leonardo-da-vinci
Color: A Natural History of the Palette,https://www.goodreads.com/book/show/19596.Color
Interaction of Color,https://www.goodreads.com/book/show/111113.Interaction_of_Color
Vincent Van Gogh: The Complete Paintings,https://www.goodreads.com/book/show/203805.Vincent_Van_Gogh
Vincent Van Gogh: The Complete Paintings,https://www.goodreads.com/book/show/203805.Vincent_Van_Gogh
History of Art,https://www.goodreads.com/book/show/2693801-history-of-art
Just Kids,https://www.goodreads.com/book/show/341879.Just_Kids
The Shock of the New,https://www.goodreads.com/book/show/542639.The_Shock_of_the_New
Show Your Work!: 10 Ways to Share Your Creativity and Get Discovered,https://www.goodreads.com/book/show/18290401-show-your-work
The Secret Lives of Color,https://www.goodreads.com/book/show/34122206-the-secret-lives-of-color
What Are You Looking At?: 150 Years of Modern Art in a Nutshell,https://www.goodreads.com/book/show/15929764-what-are-you-looking-at
The Lives of the Artists,https://www.goodreads.com/book/show/233389.The_Lives_of_the_Artists
The Art Forger,https://www.goodreads.com/book/show/14568987-the-art-forger
Figure Drawing for All It's Worth (How to draw and paint),https://www.goodreads.com/book/show/147941.Figure_Drawing_for_All_It_s_Worth
The Agony and the Ecstasy,https://www.goodreads.com/book/show/321552.The_Agony_and_the_Ecstasy
Leonardo's Notebooks,https://www.goodreads.com/book/show/24096.Leonardo_s_Notebooks
The Art Spirit,https://www.goodreads.com/book/show/207781.The_Art_Spirit
Camera Lucida: Reflections on Photography,https://www.goodreads.com/book/show/497164.Camera_Lucida
The Power of Art,https://www.goodreads.com/book/show/19797.The_Power_of_Art
Michelangelo and the Pope's Ceiling,https://www.goodreads.com/book/show/737957.Michelangelo_and_the_Pope_s_Ceiling
The Philosophy of Andy Warhol (From A to B and Back Again),https://www.goodreads.com/book/show/31818.The_Philosophy_of_Andy_Warhol
Art Matters,https://www.goodreads.com/book/show/40090596-art-matters
"An Illustrated Life: Drawing Inspiration from the Private Sketchbooks of Artists, Illustrators and Designers",https://www.goodreads.com/book/show/3253215-an-illustrated-life
On Ugliness,https://www.goodreads.com/book/show/520738.On_Ugliness
The Judgment of Paris: The Revolutionary Decade That Gave the World Impressionism,https://www.goodreads.com/book/show/56912.The_Judgment_of_Paris
The Dot,https://www.goodreads.com/book/show/825377.The_Dot
Frida: A Biography of Frida Kahlo,https://www.goodreads.com/book/show/91767.Frida
Faeries,https://www.goodreads.com/book/show/887201.Faeries
The Lonely City: Adventures in the Art of Being Alone,https://www.goodreads.com/book/show/25667449-the-lonely-city
Brunelleschi's Dome: How a Renaissance Genius Reinvented Architecture,https://www.goodreads.com/book/show/148821.Brunelleschi_s_Dome
"The Work of Art in the Age of Its Technological Reproducibility, and Other Writings on Media",https://www.goodreads.com/book/show/2474084.The_Work_of_Art_in_the_Age_of_Its_Technological_Reproducibility_and_Other_Writings_on_Media
Griffin & Sabine (Griffin & Sabine #1),https://www.goodreads.com/book/show/381102.Griffin_Sabine
Lust for Life,https://www.goodreads.com/book/show/79834.Lust_for_Life
Big Magic: Creative Living Beyond Fear,https://www.goodreads.com/book/show/24453082-big-magic
PostSecret: Extraordinary Confessions from Ordinary Lives (PostSecret),https://www.goodreads.com/book/show/87640.PostSecret
Imaginative Realism: How to Paint What Doesn't Exist,https://www.goodreads.com/book/show/6886931-imaginative-realism
The Creative Habit: Learn It and Use It for Life,https://www.goodreads.com/book/show/254799.The_Creative_Habit
Keys to Drawing,https://www.goodreads.com/book/show/168814.Keys_to_Drawing
"The Monuments Men: Allied Heroes, Nazi Thieves, and the Greatest Treasure Hunt in History",https://www.goodreads.com/book/show/6514074-the-monuments-men
In Praise of Shadows,https://www.goodreads.com/book/show/34473.In_Praise_of_Shadows
Art and Illusion: A Study in the Psychology of Pictorial Representation,https://www.goodreads.com/book/show/61506.Art_and_Illusion
The Natural Way to Draw,https://www.goodreads.com/book/show/3061.The_Natural_Way_to_Draw
The Hare With Amber Eyes: A Family's Century of Art and Loss,https://www.goodreads.com/book/show/7821828-the-hare-with-amber-eyes
The $12 Million Stuffed Shark: The Curious Economics of Contemporary Art,https://www.goodreads.com/book/show/3717320-the-12-million-stuffed-shark
Art and Visual Perception: A Psychology of the Creative Eye,https://www.goodreads.com/book/show/1294306.Art_and_Visual_Perception
Andy Goldsworthy: A Collaboration with Nature,https://www.goodreads.com/book/show/60431.Andy_Goldsworthy
Art as Therapy,https://www.goodreads.com/book/show/17899481-art-as-therapy
"The Da Vinci Code (Robert Langdon, #2)",https://www.goodreads.com/book/show/968.The_Da_Vinci_Code
The Lost Painting,https://www.goodreads.com/book/show/27398.The_Lost_Painting
Walk Through Walls: A Memoir,https://www.goodreads.com/book/show/28814918-walk-through-walls
The Creative License: Giving Yourself Permission to Be The Artist You Truly Are,https://www.goodreads.com/book/show/40168.The_Creative_License
"Amphigorey (Amphigorey, #1)",https://www.goodreads.com/book/show/47559.Amphigorey
Picture This: How Pictures Work,https://www.goodreads.com/book/show/910352.Picture_This
"The Boy, the Mole, the Fox and the Horse",https://www.goodreads.com/book/show/43708884-the-boy-the-mole-the-fox-and-the-horse
Daily Rituals: How Artists Work,https://www.goodreads.com/book/show/15799151-daily-rituals
Drawing the Head and Hands,https://www.goodreads.com/book/show/1421684.Drawing_the_Head_and_Hands
An Object of Beauty,https://www.goodreads.com/book/show/7907803-an-object-of-beauty
Art as Experience,https://www.goodreads.com/book/show/75291.Art_as_Experience
The Arrival,https://www.goodreads.com/book/show/920607.The_Arrival
The Elements of Color,https://www.goodreads.com/book/show/967309.The_Elements_of_Color
Dear Theo,https://www.goodreads.com/book/show/198511.Dear_Theo
Girl in Hyacinth Blue,https://www.goodreads.com/book/show/321577.Girl_in_Hyacinth_Blue
"The Lady in Gold: The Extraordinary Tale of Gustav Klimt's Masterpiece, Portrait of Adele Bloch-Bauer",https://www.goodreads.com/book/show/13369549-the-lady-in-gold
Make Good Art,https://www.goodreads.com/book/show/16240792-make-good-art
"Wabi-Sabi: For Artists, Designers, Poets & Philosophers",https://www.goodreads.com/book/show/42190.Wabi_Sabi
The Painted Word,https://www.goodreads.com/book/show/2671.The_Painted_Word
"Art in Theory, 1900–2000: An Anthology of Changing Ideas",https://www.goodreads.com/book/show/48697.Art_in_Theory_1900_2000
Good Faeries/Bad Faeries,https://www.goodreads.com/book/show/120253.Good_Faeries_Bad_Faeries
Codex Seraphinianus. Ein Orbis Pictus des Universums der Phantasie.,https://www.goodreads.com/book/show/512662.Codex_Seraphinianus_Ein_Orbis_Pictus_des_Universums_der_Phantasie_
Ish,https://www.goodreads.com/book/show/765654.Ish
Dali,https://www.goodreads.com/book/show/342637.Dali
Leonardo da Vinci: The Complete Paintings and Drawings,https://www.goodreads.com/book/show/1757416.Leonardo_da_Vinci
The Birth of Venus,https://www.goodreads.com/book/show/28078.The_Birth_of_Venus
Art Forms in Nature,https://www.goodreads.com/book/show/958215.Art_Forms_in_Nature
Caravaggio: A Life Sacred and Profane,https://www.goodreads.com/book/show/7558367-caravaggio
The Animator's Survival Kit,https://www.goodreads.com/book/show/136091.The_Animator_s_Survival_Kit
About Looking,https://www.goodreads.com/book/show/470185.About_Looking
Just My Type: A Book about Fonts,https://www.goodreads.com/book/show/10909804-just-my-type
"Ninth Street Women: Lee Krasner, Elaine de Kooning, Grace Hartigan, Joan Mitchell, and Helen Frankenthaler: Five Painters and the Movement That Changed Modern Art",https://www.goodreads.com/book/show/28118491-ninth-street-women
"Making Comics: Storytelling Secrets of Comics, Manga and Graphic Novels",https://www.goodreads.com/book/show/60113.Making_Comics
"The Gashlycrumb Tinies (The Vinegar Works, #1)",https://www.goodreads.com/book/show/47558.The_Gashlycrumb_Tinies
Radiant Child: The Story of Young Artist Jean-Michel Basquiat,https://www.goodreads.com/book/show/18552623-radiant-child
Provenance: How a Con Man and a Forger Rewrote the History of Modern Art,https://www.goodreads.com/book/show/6361913-provenance
The Principles of Uncertainty,https://www.goodreads.com/book/show/627055.The_Principles_of_Uncertainty
Frida Kahlo: 1907-1954 Pain and Passion,https://www.goodreads.com/book/show/772976.Frida_Kahlo
The 20th Century Art Book,https://www.goodreads.com/book/show/257257.The_20th_Century_Art_Book
Perspective Made Easy,https://www.goodreads.com/book/show/6760.Perspective_Made_Easy
The Last Painting of Sara de Vos,https://www.goodreads.com/book/show/25664459-the-last-painting-of-sara-de-vos
Anatomy for the Artist,https://www.goodreads.com/book/show/327242.Anatomy_for_the_Artist
Design as Art,https://www.goodreads.com/book/show/6095883-design-as-art
The Passion of Artemisia,https://www.goodreads.com/book/show/98048.The_Passion_of_Artemisia
Sabine's Notebook (Griffin & Sabine #2),https://www.goodreads.com/book/show/85730.Sabine_s_Notebook
Vincent and Theo: The Van Gogh Brothers,https://www.goodreads.com/book/show/40603383-vincent-and-theo
Art Before Breakfast: A Zillion Ways to be More Creative No Matter How Busy You Are,https://www.goodreads.com/book/show/22553690-art-before-breakfast
Alla Prima: Everything I Know about Painting,https://www.goodreads.com/book/show/449128.Alla_Prima
Funny Weather: Art in an Emergency,https://www.goodreads.com/book/show/50755102-funny-weather
Salvador Dalí: 1904-1989,https://www.goodreads.com/book/show/777712.Salvador_Dal_
The Secret Art of Dr. Seuss,https://www.goodreads.com/book/show/7780.The_Secret_Art_of_Dr_Seuss
Keep Going: 10 Ways to Stay Creative in Good Times and Bad,https://www.goodreads.com/book/show/40591677-keep-going
What It Is,https://www.goodreads.com/book/show/2086132.What_It_Is
I'll Give You the Sun,https://www.goodreads.com/book/show/20820994-i-ll-give-you-the-sun
The Noisy Paint Box,https://www.goodreads.com/book/show/16718342-the-noisy-paint-box
Humans of New York,https://www.goodreads.com/book/show/17287009-humans-of-new-york
The Practice and Science of Drawing,https://www.goodreads.com/book/show/1514213.The_Practice_and_Science_of_Drawing
The Illusion of Life: Disney Animation,https://www.goodreads.com/book/show/106731.The_Illusion_of_Life
The Design of Everyday Things,https://www.goodreads.com/book/show/840.The_Design_of_Everyday_Things
"The Age of Insight: The Quest to Understand the Unconscious in Art, Mind, and Brain from Vienna 1900 to the Present",https://www.goodreads.com/book/show/12263681-the-age-of-insight
Anatomy for the Artist,https://www.goodreads.com/book/show/327246.Anatomy_for_the_Artist
The Magic Mirror of M.C. Escher,https://www.goodreads.com/book/show/276289.The_Magic_Mirror_of_M_C_Escher
History of Modern Art: Painting Sculpture Architecture Photography,https://www.goodreads.com/book/show/162763.History_of_Modern_Art
"Drawing Lessons from the Great Masters: 100 Great Drawings Analyzed, Figure Drawing Fundamentals Defined",https://www.goodreads.com/book/show/257965.Drawing_Lessons_from_the_Great_Masters
Regarding the Pain of Others,https://www.goodreads.com/book/show/52373.Regarding_the_Pain_of_Others
Against Interpretation and Other Essays,https://www.goodreads.com/book/show/52374.Against_Interpretation_and_Other_Essays
The Lady and the Unicorn,https://www.goodreads.com/book/show/89788.The_Lady_and_the_Unicorn
The Day the Crayons Quit,https://www.goodreads.com/book/show/16101018-the-day-the-crayons-quit
What Is Art?,https://www.goodreads.com/book/show/127963.What_Is_Art_
The Rape of Europa: The Fate of Europe's Treasures in the Third Reich and the Second World War,https://www.goodreads.com/book/show/227540.The_Rape_of_Europa
Figure Drawing: Design and Invention,https://www.goodreads.com/book/show/7157338-figure-drawing
Maybe Something Beautiful: How Art Transformed a Neighborhood,https://www.goodreads.com/book/show/25897837-maybe-something-beautiful
Sacré Bleu,https://www.goodreads.com/book/show/40409748-sacr-bleu
Priceless: How I Went Undercover to Rescue the World's Stolen Treasures,https://www.goodreads.com/book/show/6827652-priceless
"Bridgman's Complete Guide to Drawing From Life: Over 1,000 Illustrations",https://www.goodreads.com/book/show/477052.Bridgman_s_Complete_Guide_to_Drawing_From_Life
"The Forger's Spell: A True Story of Vermeer, Nazis, and the Greatest Art Hoax of the Twentieth Century",https://www.goodreads.com/book/show/2917848-the-forger-s-spell
Creative Illustration,https://www.goodreads.com/book/show/2766647-creative-illustration
Nothing If Not Critical: Selected Essays on Art and Artists,https://www.goodreads.com/book/show/306099.Nothing_If_Not_Critical
Edvard Munch: 1863-1944,https://www.goodreads.com/book/show/901680.Edvard_Munch
A Piece of the World,https://www.goodreads.com/book/show/30255942-a-piece-of-the-world
The Art of Spirited Away,https://www.goodreads.com/book/show/429853.The_Art_of_Spirited_Away
Gnomes,https://www.goodreads.com/book/show/926908.Gnomes
The Gardner Heist: The True Story of the World's Largest Unsolved Art Theft,https://www.goodreads.com/book/show/4573498-the-gardner-heist
The Lord of the Rings Sketchbook,https://www.goodreads.com/book/show/25790.The_Lord_of_the_Rings_Sketchbook
The Picture of Dorian Gray,https://www.goodreads.com/book/show/5297.The_Picture_of_Dorian_Gray
A Splash of Red: The Life and Art of Horace Pippin,https://www.goodreads.com/book/show/13642600-a-splash-of-red
The Swan Thieves,https://www.goodreads.com/book/show/5983057-the-swan-thieves
Broad Strokes: 15 Women Who Made Art and Made History (in That Order),https://www.goodreads.com/book/show/30364138-broad-strokes
The Singing Bones,https://www.goodreads.com/book/show/31670261-the-singing-bones
Atlas of Human Anatomy for the Artist,https://www.goodreads.com/book/show/327243.Atlas_of_Human_Anatomy_for_the_Artist
Framed Ink: Drawing and Composition for Visual Storytellers,https://www.goodreads.com/book/show/8010707-framed-ink
The Story of Painting,https://www.goodreads.com/book/show/113834.The_Story_of_Painting
How to Draw: Drawing and Sketching Objects and Environments from Your Imagination,https://www.goodreads.com/book/show/15808089-how-to-draw
The Golden Mean (Griffin & Sabine #3),https://www.goodreads.com/book/show/402022.The_Golden_Mean
"Art, Inc.: The Essential Guide for Building Your Career as an Artist",https://www.goodreads.com/book/show/20405516-art-inc
The Poetics of Space,https://www.goodreads.com/book/show/13269.The_Poetics_of_Space
"The Yellow House: Van Gogh, Gauguin, and Nine Turbulent Weeks in Arles",https://www.goodreads.com/book/show/101407.The_Yellow_House
Playing to the Gallery,https://www.goodreads.com/book/show/23234789-playing-to-the-gallery
The Art of Howl's Moving Castle,https://www.goodreads.com/book/show/6297.The_Art_of_Howl_s_Moving_Castle
The Photo Book,https://www.goodreads.com/book/show/197201.The_Photo_Book
The Annotated Mona Lisa: A Crash Course in Art History from Prehistoric to Post-Modern,https://www.goodreads.com/book/show/237563.The_Annotated_Mona_Lisa
"Chasing Vermeer (Chasing Vermeer, #1)",https://www.goodreads.com/book/show/444347.Chasing_Vermeer
ARh+,https://www.goodreads.com/book/show/364101.ARh_
Drawing the Head and Figure,https://www.goodreads.com/book/show/148121.Drawing_the_Head_and_Figure
Art & Max,https://www.goodreads.com/book/show/8039941-art-max
Zen of Seeing: Seeing/Drawing as Meditation,https://www.goodreads.com/book/show/228765.Zen_of_Seeing
"Gödel, Escher, Bach: An Eternal Golden Braid",https://www.goodreads.com/book/show/24113.G_del_Escher_Bach
Drawn Together,https://www.goodreads.com/book/show/34791219-drawn-together
From the Mixed-Up Files of Mrs. Basil E. Frankweiler,https://www.goodreads.com/book/show/3980.From_the_Mixed_Up_Files_of_Mrs_Basil_E_Frankweiler
The Man Who Made Vermeers: Unvarnishing the Legend of Master Forger Han van Meegeren,https://www.goodreads.com/book/show/3359595-the-man-who-made-vermeers
Life with Picasso,https://www.goodreads.com/book/show/234067.Life_with_Picasso
The Doré Illustrations for Dante's Divine Comedy,https://www.goodreads.com/book/show/19154.The_Dor_Illustrations_for_Dante_s_Divine_Comedy
"Egon Schiele, 1890-1918: The Midnight Soul of the Artist",https://www.goodreads.com/book/show/164107.Egon_Schiele_1890_1918
The Moon and Sixpence,https://www.goodreads.com/book/show/44796.The_Moon_and_Sixpence
"Leonora Carrington: Surrealism, Alchemy and Art",https://www.goodreads.com/book/show/225313.Leonora_Carrington
Painting and Experience in Fifteenth-Century Italy: A Primer in the Social History of Pictorial Style,https://www.goodreads.com/book/show/814662.Painting_and_Experience_in_Fifteenth_Century_Italy
The Iridescence of Birds: A Book About Henri Matisse,https://www.goodreads.com/book/show/20518799-the-iridescence-of-birds
"Women, Art, and Society (World of Art)",https://www.goodreads.com/book/show/397653.Women_Art_and_Society
Hopper,https://www.goodreads.com/book/show/402910.Hopper
How to Draw Comics the Marvel Way,https://www.goodreads.com/book/show/599246.How_to_Draw_Comics_the_Marvel_Way
The Gift,https://www.goodreads.com/book/show/56472.The_Gift
Wreck This Journal,https://www.goodreads.com/book/show/428862.Wreck_This_Journal
I Ain't Gonna Paint No More!,https://www.goodreads.com/book/show/659759.I_Ain_t_Gonna_Paint_No_More_
But is It Art?: An Introduction to Art Theory,https://www.goodreads.com/book/show/124646.But_is_It_Art_
The Painted Girls,https://www.goodreads.com/book/show/16138688-the-painted-girls
Mad Enchantment: Claude Monet and the Painting of the Water Lilies,https://www.goodreads.com/book/show/28260588-mad-enchantment
Monet,https://www.goodreads.com/book/show/326386.Monet
How to Draw What You See,https://www.goodreads.com/book/show/335262.How_to_Draw_What_You_See
Leonardo and the Last Supper,https://www.goodreads.com/book/show/13277589-leonardo-and-the-last-supper
Goya,https://www.goodreads.com/book/show/279351.Goya
Syllabus: Notes from an Accidental Professor,https://www.goodreads.com/book/show/20613619-syllabus
Luncheon of the Boating Party,https://www.goodreads.com/book/show/98049.Luncheon_of_the_Boating_Party
A History of the World in 100 Objects,https://www.goodreads.com/book/show/9553383-a-history-of-the-world-in-100-objects
Vitamin D: New Perspectives in Drawing,https://www.goodreads.com/book/show/179101.Vitamin_D
Grapefruit: A Book of Instructions and Drawings,https://www.goodreads.com/book/show/120726.Grapefruit
Lady Cottington's Pressed Fairy Book,https://www.goodreads.com/book/show/227570.Lady_Cottington_s_Pressed_Fairy_Book
Drawing Lab for Mixed-Media Artists: 52 Creative Exercises to Make Drawing Fun,https://www.goodreads.com/book/show/7959264-drawing-lab-for-mixed-media-artists
Keeping an Eye Open: Essays on Art,https://www.goodreads.com/book/show/22709886-keeping-an-eye-open
Diane Arbus: Monograph,https://www.goodreads.com/book/show/134360.Diane_Arbus
Une Semaine de Bonté,https://www.goodreads.com/book/show/405541.Une_Semaine_de_Bont_
Manifestoes of Surrealism,https://www.goodreads.com/book/show/115164.Manifestoes_of_Surrealism
My Name Is Red,https://www.goodreads.com/book/show/2517.My_Name_Is_Red
Strapless: John Singer Sargent and the Fall of Madame X,https://www.goodreads.com/book/show/130002.Strapless
Sexual Personae: Art and Decadence from Nefertiti to Emily Dickinson,https://www.goodreads.com/book/show/101157.Sexual_Personae
Color: A Course in Mastering the Art of Mixing Colors,https://www.goodreads.com/book/show/74123.Color
Blue: The History of a Color,https://www.goodreads.com/book/show/321125.Blue
Illuminations: Essays and Reflections,https://www.goodreads.com/book/show/2725.Illuminations
Drawing Dynamic Hands,https://www.goodreads.com/book/show/1045908.Drawing_Dynamic_Hands
"The Rescue Artist: A True Story of Art, Thieves, and the Hunt for a Missing Masterpiece",https://www.goodreads.com/book/show/478558.The_Rescue_Artist
Comics and Sequential Art,https://www.goodreads.com/book/show/33476.Comics_and_Sequential_Art
"Art Since 1900: Modernism, Antimodernism, Postmodernism",https://www.goodreads.com/book/show/111934.Art_Since_1900
Civilisation,https://www.goodreads.com/book/show/330451.Civilisation
The Art of Looking Sideways,https://www.goodreads.com/book/show/15778.The_Art_of_Looking_Sideways
Portraits: John Berger on Artists,https://www.goodreads.com/book/show/24997355-portraits
"In Montmartre: Picasso, Matisse and the Birth of Modernist Art",https://www.goodreads.com/book/show/22571501-in-montmartre
The Private Lives of the Impressionists,https://www.goodreads.com/book/show/34454.The_Private_Lives_of_the_Impressionists
Secret Knowledge: Rediscovering the Lost Techniques of the Old Masters,https://www.goodreads.com/book/show/812374.Secret_Knowledge
Beautiful Oops!,https://www.goodreads.com/book/show/8319728-beautiful-oops
"The Art of Rivalry: Four Friendships, Betrayals, and Breakthroughs in Modern Art",https://www.goodreads.com/book/show/27876332-the-art-of-rivalry
Isms: Understanding Art,https://www.goodreads.com/book/show/227605.Isms
The Art of Urban Sketching: Drawing On Location Around The World,https://www.goodreads.com/book/show/12635188-the-art-of-urban-sketching
How to Be an Explorer of the World: Portable Life Museum,https://www.goodreads.com/book/show/3090109-how-to-be-an-explorer-of-the-world
What Great Paintings Say,https://www.goodreads.com/book/show/1459333.What_Great_Paintings_Say
How to Be an Artist,https://www.goodreads.com/book/show/49872803-how-to-be-an-artist
The Architecture of Happiness,https://www.goodreads.com/book/show/23418.The_Architecture_of_Happiness
Fun with a Pencil,https://www.goodreads.com/book/show/1027978.Fun_with_a_Pencil
Linnea in Monet's Garden,https://www.goodreads.com/book/show/188798.Linnea_in_Monet_s_Garden
Air Guitar: Essays on Art and Democracy,https://www.goodreads.com/book/show/140987.Air_Guitar
How to Be Both,https://www.goodreads.com/book/show/20439328-how-to-be-both
The Artist's Complete Guide to Figure Drawing: A Contemporary Master Reveals the Secrets of Drawing the Human Form,https://www.goodreads.com/book/show/574647.The_Artist_s_Complete_Guide_to_Figure_Drawing
Rembrandt's Eyes,https://www.goodreads.com/book/show/400343.Rembrandt_s_Eyes
The Secret Life of Salvador Dalí,https://www.goodreads.com/book/show/91724.The_Secret_Life_of_Salvador_Dal_
Dynamic Figure Drawing,https://www.goodreads.com/book/show/304961.Dynamic_Figure_Drawing
Letters to a Young Poet,https://www.goodreads.com/book/show/46199.Letters_to_a_Young_Poet
Artist's Journal Workshop: Creating Your Life in Words and Pictures,https://www.goodreads.com/book/show/10286726-artist-s-journal-workshop
Sculpting in Time,https://www.goodreads.com/book/show/28495.Sculpting_in_Time
Point and Line to Plane,https://www.goodreads.com/book/show/352807.Point_and_Line_to_Plane
Avatar The Last Airbender: The Art of the Animated Series,https://www.goodreads.com/book/show/7642606-avatar-the-last-airbender
Keys to Drawing with Imagination: Strategies and Exercises for Gaining Confidence and Enhancing Your Creativity,https://www.goodreads.com/book/show/327374.Keys_to_Drawing_with_Imagination
The Invention of Hugo Cabret,https://www.goodreads.com/book/show/9673436-the-invention-of-hugo-cabret
"Art and Physics: Parallel Visions in Space, Time, and Light",https://www.goodreads.com/book/show/260291.Art_and_Physics
Old in Art School: A Memoir of Starting Over,https://www.goodreads.com/book/show/37774050-old-in-art-school
"Urban Watercolor Sketching: A Guide to Drawing, Painting, and Storytelling in Color",https://www.goodreads.com/book/show/18142397-urban-watercolor-sketching
"The Art Instinct: Beauty, Pleasure, and Human Evolution",https://www.goodreads.com/book/show/5788390-the-art-instinct
This Is Not a Pipe,https://www.goodreads.com/book/show/119933.This_Is_Not_a_Pipe
The Art of Discworld,https://www.goodreads.com/book/show/78878.The_Art_of_Discworld
Women Who Read Are Dangerous,https://www.goodreads.com/book/show/4918899-women-who-read-are-dangerous
Mix It Up!,https://www.goodreads.com/book/show/20549446-mix-it-up
The Art of Tangled,https://www.goodreads.com/book/show/8708083-the-art-of-tangled
The Art of Amy Brown,https://www.goodreads.com/book/show/245700.The_Art_of_Amy_Brown
1001 Paintings You Must See Before You Die,https://www.goodreads.com/book/show/452194.1001_Paintings_You_Must_See_Before_You_Die
The Book of Mistakes,https://www.goodreads.com/book/show/31456756-the-book-of-mistakes
Sky Color,https://www.goodreads.com/book/show/13531092-sky-color
Drawing on the Artist Within: An Inspirational and Practical Guide to Increasing Your Creative Powers,https://www.goodreads.com/book/show/680042.Drawing_on_the_Artist_Within
After the End of Art: Contemporary Art and the Pale of History,https://www.goodreads.com/book/show/137933.After_the_End_of_Art
"1,000 Artist Journal Pages: Personal Pages and Inspirations",https://www.goodreads.com/book/show/2329246.1_000_Artist_Journal_Pages
"Harold and the Purple Crayon (Harold, #1)",https://www.goodreads.com/book/show/98573.Harold_and_the_Purple_Crayon
Why Art?,https://www.goodreads.com/book/show/35407505-why-art
Drawing from Memory,https://www.goodreads.com/book/show/11391817-drawing-from-memory
Unexpected Journeys: The Art and Life of Remedios Varo,https://www.goodreads.com/book/show/502872.Unexpected_Journeys
Art History,https://www.goodreads.com/book/show/280190.Art_History
"You Can Draw in 30 Days: The Fun, Easy Way to Learn to Draw in One Month or Less",https://www.goodreads.com/book/show/3113980-you-can-draw-in-30-days
The Vanishing Velázquez: A 19th-Century Bookseller's Obsession with a Lost Masterpiece,https://www.goodreads.com/book/show/25814370-the-vanishing-vel-zquez
Hieronymus Bosch: Complete Works,https://www.goodreads.com/book/show/17879324-hieronymus-bosch
The Complete Woodcuts of Albrecht Dürer,https://www.goodreads.com/book/show/800952.The_Complete_Woodcuts_of_Albrecht_D_rer
Necronomicon,https://www.goodreads.com/book/show/58976.Necronomicon
"The Lives of the Most Excellent Painters, Sculptors, and Architects",https://www.goodreads.com/book/show/18418995-the-lives-of-the-most-excellent-painters-sculptors-and-architects
On Painting,https://www.goodreads.com/book/show/814670.On_Painting
"Masters of Deception: Escher, Dali, and the Artists of Optical Illusion",https://www.goodreads.com/book/show/91749.Masters_of_Deception
The Book of Symbols: Reflections on Archetypal Images,https://www.goodreads.com/book/show/9321125-the-book-of-symbols
"Amphigorey Also (Amphigorey, #3)",https://www.goodreads.com/book/show/51245.Amphigorey_Also
Walking on Water: Reflections on Faith and Art,https://www.goodreads.com/book/show/136814.Walking_on_Water
The Nude: A Study in Ideal Form,https://www.goodreads.com/book/show/101128.The_Nude
"The Short Story of Art: A Pocket Guide to Key Movements, Works, Themes,  Techniques (Art History Introduction, A Guide to Art)",https://www.goodreads.com/book/show/31934725-the-short-story-of-art
Viva Frida,https://www.goodreads.com/book/show/20518948-viva-frida
The Renaissance: Studies in Art and Poetry,https://www.goodreads.com/book/show/609042.The_Renaissance
Paintings in Proust: A Visual Companion to 'In Search of Lost Time',https://www.goodreads.com/book/show/3753149-paintings-in-proust
M: The Man Who Became Caravaggio,https://www.goodreads.com/book/show/98374.M
The Americans,https://www.goodreads.com/book/show/585707.The_Americans
Find Your Artistic Voice: The Essential Guide to Working Your Creative Magic,https://www.goodreads.com/book/show/43387387-find-your-artistic-voice
"Vincent Van Gogh, 1853-1890: Vision and Reality",https://www.goodreads.com/book/show/853701.Vincent_Van_Gogh_1853_1890
Tolkien's World: Paintings of Middle-Earth,https://www.goodreads.com/book/show/23597.Tolkien_s_World
Portrait of an Artist: A Biography of Georgia O'Keeffe,https://www.goodreads.com/book/show/355904.Portrait_of_an_Artist
Monet: Or the Triumph of Impressionism,https://www.goodreads.com/book/show/2202869.Monet
Thinking with Type,https://www.goodreads.com/book/show/69736.Thinking_with_Type
The Whole Picture: The colonial story of the art in our museums... and why we need to talk about it,https://www.goodreads.com/book/show/50744314-the-whole-picture
Diary of a Genius,https://www.goodreads.com/book/show/91746.Diary_of_a_Genius
Everyday Matters,https://www.goodreads.com/book/show/33254.Everyday_Matters
The Brilliant History of Color in Art,https://www.goodreads.com/book/show/22223609-the-brilliant-history-of-color-in-art
Force: Dynamic Life Drawing for Animators,https://www.goodreads.com/book/show/899923.Force
Claude & Camille: A Novel of Monet,https://www.goodreads.com/book/show/6797515-claude-camille
My Secret: A PostSecret Book,https://www.goodreads.com/book/show/13939.My_Secret
