Uid,Title,Author,Genre,Sub_Genres,Rate,Publish_Date,Page_Num,Award,Description,Author_Desc,Book_Authored,Follower_Num,Review_Num,Rating_Num,Rating_Dist:
16130,Alexander Hamilton,Ron Chernow,biography,"['Biography', 'Nonfiction', 'American History', 'Politics', 'Audiobook', 'Historical']",4.21,"April 26, 2004",818,"['George Washington Book Prize', 'National Book Critics Circle Award']","An alternate cover edition can be found here.Pulitzer Prize-winning author Ron Chernow presents a landmark biography of Alexander Hamilton, the Founding Father who galvanized, inspired, scandalized, and shaped the newborn nation.In the first full-length biography of Alexander Hamilton in decades, Ron Chernow tells the riveting story of a man who overcame all odds to shape, inspire, and scandalize the newborn America. According to historian Joseph Ellis, 
  Alexander Hamilton
 is “a robust full-length portrait, in my view the best ever written, of the most brilliant, charismatic and dangerous founder of them all.”Few figures in American history have been more hotly debated or more grossly misunderstood than Alexander Hamilton. Chernow’s biography gives Hamilton his due and sets the record straight, deftly illustrating that the political and economic greatness of today’s America is the result of Hamilton’s countless sacrifices to champion ideas that were often wildly disputed during his time. “To repudiate his legacy,” Chernow writes, “is, in many ways, to repudiate the modern world.” Chernow here recounts Hamilton’s turbulent life: an illegitimate, largely self-taught orphan from the Caribbean, he came out of nowhere to take America by storm, rising to become George Washington’s aide-de-camp in the Continental Army, coauthoring The Federalist Papers, founding the Bank of New York, leading the Federalist Party, and becoming the first Treasury Secretary of the United States.Historians have long told the story of America’s birth as the triumph of Jefferson’s democratic ideals over the aristocratic intentions of Hamilton. Chernow presents an entirely different man, whose legendary ambitions were motivated not merely by self-interest but by passionate patriotism and a stubborn will to build the foundations of American prosperity and power. His is a Hamilton far more human than we’ve encountered before—from his shame about his birth to his fiery aspirations, from his intimate relationships with childhood friends to his titanic feuds with Jefferson, Madison, Adams, Monroe, and Burr, and from his highly public affair with Maria Reynolds to his loving marriage to his loyal wife Eliza. And never before has there been a more vivid account of Hamilton’s famous and mysterious death in a duel with Aaron Burr in July of 1804.Chernow’s biography is not just a portrait of Hamilton, but the story of America’s birth seen through its most central figure. At a critical time to look back to our roots, 
  Alexander Hamilton
 will remind readers of the purpose of our institutions and our heritage as Americans.","Ron Chernow was born in 1949 in Brooklyn, New York. After graduating with honors from Yale College and Cambridge University with degrees in English Literature, he began a prolific career as a freelance journalist. Between 1973 and 1982, Chernow published over sixty articles in national publications, including numerous cover stories. In the mid-80s Chernow went to work at the Twentieth Century Fund, a prestigious New York think tank, where he served as director of financial policy studies and received what he described as “a crash course in economics and financial history.”Chernow’s journalistic talents combined with his experience studying financial policy culminated in the writing of his extraordinary first book, 
   The House of Morgan: An American Banking Dynasty and the Rise of Modern Finance
 (1990). Winner of the 1990 National Book Award for Nonfiction, The House of Morgan traces the amazing history of four generations of the J.P. Morgan empire. The New York Times Book Review wrote, “As a portrait of finance, politics and the world of avarice and ambition on Wall Street, the book has the movement and tension of an epic novel. It is, quite simply, a tour de force.” Chernow continued his exploration of famous financial dynasties with his second book, 
   The Warburgs
 (1994), the story of a remarkable Jewish family. The book traces Hamburg’s most influential banking family of the 18th century from their successful beginnings to when Hitler’s Third Reich forced them to give up their business, and ultimately to their regained prosperity in America on Wall Street.Described by Time as “one of the great American biographies,” Chernow’s 
   Titan: The Life of John D. Rockefeller, Sr.
 (1998) brilliantly reveals the complexities of America’s first billionaire. Rockefeller was known as a Robber Baron, whose Standard Oil Company monopolized an entire industry before it was broken up by the famous Supreme Court anti-trust decision in 1911. At the same time, Rockefeller was one of the century’s greatest philanthropists donating enormous sums to universities and medical institutions. Chernow is the Secretary of PEN American Center, the country’s most prominent writers’ organization, and is currently at work on a biography of Alexander Hamilton. He lives in Brooklyn Heights, New York.In addition to writing biographies, Chernow is a book reviewer, essayist, and radio commentator. His book reviews and op-ed articles appear frequently in The New York Times and The Wall Street Journal. He comments regularly on business and finance for National Public Radio and for many shows on CNBC, CNN, and the Fox News Channel. In addition, he served as the principal expert on the A&E biography of J.P. Morgan and will be featured as the key Rockefeller expert on an upcoming CNBC documentary.",26,4870,9667,167886,"['84283 (50%)', '52360 (31%)', '19756 (11%)', '5970 (3%)', '5517 (3%)']"
