Uid,Title,Reviewer,N_Review,N_Follower,Review_Rate,Review_Date,Content,N_Likes,N_Comments
5326,A Christmas Carol,Sean Barrs ,"1,099",44100,4,"December 19, 2020","I read this every year at Christmas, and I always will do. Simply because of the atmosphere it evokes. This story is Christmas as far as I’m concerned. It wouldn’t be the same without it. It is perfectly festive and is also appropriately didactic. It is an allegory for what happens to those that are unnecessarily bitter and twisted, refusing to take part in a joyful occasion. It is a glimpse at what could happen to someone who rejects their family upon trivial grounds, and let’s themselves be set apart. It is also a suggestion that one shouldn’t be so concerned with money. Money isn’t everything; it certainly didn’t buy ol’ Scrooge happiness. But, Christmas did and will do so again.  ___________________________________You can connect with me on social media via My Linktree.__________________________________",762,38
5326,A Christmas Carol,Muhtasin,181,642,4,"December 21, 2020","A Christmas Carol by Charles DickensIt's a very heartwarming story and will remind one to have a giving and loving spirit. Loved this story. The tale is as delightful as its messages are. Found the messages so touching. I have gotten so much empathy toward the characters that'll be hard to describe. It'll break your heart, uplift your soul, and make you believe in the power of humanity and the human spirit.
  For it is good to be children sometimes, and never better than at Christmas
 A timeless classic.",323,8
5326,A Christmas Carol,Dr. Appu Sasidharan ,944,1875,5,"December 25, 2022","What is the best way to celebrate Christmas? 
  
There are many ways we can answer the above question.. But my first answer always will be - To reread A Christmas Carol by Charles Dickens.
  My favorite three lines from this book. 

  
     ""No space of regret can make amends for one life's opportunity misused"" 
  

   ""It is a fair, even-handed, noble adjustment of things, that while there is infection in disease and sorrow, there is nothing in the world so irresistibly contagious as laughter and good humor."" 

   ""Really, for a man who had been out of practice for so many years, it was a splendid laugh!"" 
This is a book about love, family, empathy, and celebration. It will teach you how to prioritize things in your life correctly, love others, and laugh properly. It also will make you understand the importance of family in our lives.",309,10
5326,A Christmas Carol,Candi,598,4532,5,"December 24, 2020","Update on December 24, 2020: I listened to this on audio this time around; something a bit different for me. I enjoyed the narration quite a lot, but there's nothing that beats reading Dickens in print. This story never fails to cheer, inspire, and give me pause to reflect on those things that I hold most dear in my life. Here's to a 2021 that will hopefully shine much brighter than 2020!Original review (2016):When I think of Christmas and all those things that make Christmas so special, A Christmas Carol immediately comes to mind right along with family, friends, beautiful Christmas trees, Mom’s anise cut-out cookies, brilliant holiday light displays, gently falling snow, festive instrumental and choral concerts, quiet, reflective moments, and angel trees. A Christmas Carol truly is a timeless classic and a beloved tradition, whether you see the movie or read the book. The blessing of this treasure is that you don’t have to celebrate Christmas to enjoy and appreciate this novella. The message is there for anyone that celebrates life and family and giving to others, those who want to examine their life and make the most of it and share it with others. Furthermore, it’s a winner all the way around – aside from the powerful message, we are also rewarded with a wonderfully written and atmospheric story. So, if you have a morsel of time you can spare in the next couple of days, treat yourself to a well-deserved break and grab a copy of this book. As you journey into those Christmases of Past, Present, and Future with Ebenezer Scrooge, your heart will feel lighter and your spirit revived as you hopefully gear up for not simply the chaos of the holidays but also the gifts of love, fellowship and gratitude. I wish for joy and peace for each and every one of you this holiday season and the coming year.""I will honour Christmas in my heart, and try to keep it all the year. I will live in the Past, the Present, and the Future.""",305,81
5326,A Christmas Carol,Carolyn Marie Castagna,264,5239,5,"December 19, 2022","Yet another re-read:As amazing as ever! One of Dickens’ very best, I think! ❤️Re-read:Still my favorite Christmas story! Charles Dickens never ceases to make me smile and feel a multitude of emotions!🥰🎄❄️First Read:Wonderful! Absolutely Wonderful!!🕯️📖🎄I don't know why it has taken me so long to read this story! I also don't know why it has taken me this long to read anything by Charles Dickens! It surpassed my expectations, because ironically they weren't great...😉The concept and idea behind this story is brilliant! It surprised me with it's cleverness and wit, even though I went into it knowing the story so well. I just fell in love with Dickens' storytelling, especially when he would address the reader and make his narrative voice known! 🖋️His commentary on Victorian life and his social criticisms are known to be key aspects of his books, and I can now attest to that fact! I loved how he described the different holiday scenes and made them vivid with life and magic! The supernatural elements involving the spirits is pure genius! Overall, I couldn't get over how in just a few chapters, and what people call a short story, he included so many important elements including the greatest character development in all of literature!! ❄️This story is a blessing right from the hands of Tiny Tim and Ebenezer Scrooge! 💕",299,6
5326,A Christmas Carol,Melissa ♥ Dog/Wolf Lover ♥ Martin,"3,365",9426,5,"December 15, 2020","I’ve written a review on this book before. You know, back when I wrote mostly proper reviews!? It was a good one for once, but it’s disappeared, so there! 5 Stars ⭐️ Mel 🖤🐶🐺🐾",273,21
5326,A Christmas Carol,Matt,898,2800,5,"December 16, 2022","“Oh! but he was a tight-fisted hand at the grindstone, Scrooge! a squeezing, wrenching, grasping, scraping, clutching, covetous old sinner! Hard and sharp as flint, from which no steel had ever struck out generous fire, secret, and self-contained, and solitary as an oyster. The cold within him froze his old features, nipped his pointed nose, shriveled his cheek, stiffened his gait, made his eyes red, his thin lips blue, and spoke out shrewdly in his grating voice. A frosty rime was on his head, and on his eyebrows, and his wiry chin. He carried his own low temperature always about with him; he iced his office in the dog-days; and didn’t thaw it one degree at Christmas…”-	Charles Dickens, A Christmas CarolCharles Dickens’s A Christmas Carol is probably the most perfect story I have ever read. Not the best, mind you, and not even my favorite. But in its sublime unity of theme and execution, its graceful symmetries and memorable moments, it is tough to beat. It has been said that A Christmas Carol is the most adapted written work in the English language, and it seems a likely claim, having inspired countless movies, television specials, musicals, and theatrical productions. It is a testament to the essential worthiness of the source material that Dickens’s classic is so readily adaptable in so many mediums, and works just as well when interpreted by Mr. Magoo or Muppets or George C. Scott. A Christmas Carol has long since transcended its status as a mere novella, and has become symbolic of Christmas itself. More than most books you come across, it is a mood as much as anything. In approximately one-hundred pages – depending on which of the nine-thousand editions you choose – you are confronted with a chilling protagonist who, over the course of five compact acts, will have his certainties challenged, his illusions shattered, and his heart changed. All of this seems trite and melodramatic in summary; in practice, it is pure magic, a precious gem that waits to be reread each year, and each year just as good as the last. *** You probably already know this, but A Christmas Carol tells the tale of an aging miser named Ebenezer Scrooge. He works in a counting-house with his poor, put-upon clerk Bob Cratchit. Once upon a time, Scrooge had a partner, Jacob Marley, but when the novella opens, Marley has been dead seven years, though Scrooge seems barely to notice. Until, that is, Marley appears to him as a ghost, bearing a warning. “It is required of every man,” the Ghost returned, “that the spirit within him should walk abroad among his fellow-men, and travel far and wide; and if that spirit goes not forth in life, it is condemned to do so after death. It is doomed to wander through the world…and witness what it cannot share, but might have shared on earth, and turned to happiness!”Marley himself is one of the condemned, as greedy and avaricious as his old partner, and now bearing a “ponderous chain” corresponding to his selfish life. He informs Scrooge that his own chain is even larger, yet there is the possibility of escape. This lifeline is comprised of three separate ghosts – Christmas Past, Christmas Present, and Christmas Yet to Come – who will visit him on three separate nights. Though Scrooge is a bit hesitant of this deal, he is ultimately given little choice on the matter, and those three visits comprise the unforgettable spine of this book. ***Dickens wrote some doorstoppers in his life. Big, shaggy, serialized novels like Bleak House and David Copperfield, filled with digression and convoluted plot-twists. A Christmas Carol is exceptionally different. It is lean and clean and fast. Dickens may have struggled during the writing, but the finished product bears no sign of it. A Christmas Carol hits every mark with assuredness. To read it is to feel like Dickens knew exactly what he was doing with every sentence, even if that was not actually how it happened. No matter what else you think about Dickens – and I find him to be strikingly hit-or-miss – the man knew how to create an indelible character. There isn’t much of a roster in A Christmas Carol, but everyone makes the best of their moment on stage. For the most part, this is Scrooge’s show, as he is the only one given even a hint of psychological depth or shading. But that’s okay, because Scrooge has become one of the most recognized figures in literature, if not in all of western pop culture. The supporting cast, including Cratchit, nephew Fred, and the ghosts themselves, are mostly foils for Scrooge. Still, Dickens presents them flawlessly, using them both to define Scrooge’s contours, and to land emotional blows. We may not know what makes Tiny Tim tick, but we sure aren’t going to forget him. *** The writing in A Christmas Carol just sparkles. At certain times, Dickens leans hard into the spooky, gothic-horror aspects. At others, he is playful and wry, with conversational exchanges that crackle and pop. Indeed, these two approaches are often combined to wonderful effect, as in Scrooge’s first meeting with Marley, which is both ominous and funny. One of the telling indicators of the prose – especially the dialogue – is that most adaptations simply transfer Dickens’s words wholesale, without making a change.Dickens always had a finely honed social conscience, and that is on display here. Mostly, though, he keeps his touch light, without losing any impact. Only the Ghost of Christmas Present tends towards pedantry, and that’s only towards the end of his tour. Mostly, Dickens makes his points through highly-polished vignettes, such as Scrooge’s observations of the Cratchit family. *** The Christmas cynic says that the season is hypocritical, and that even those people who volunteer, give money, and donate food and gifts only do so once a year. The optimist says that maybe the Christmas spirit can be contagious, like a benign virus, and that the goodness of the season, or even just the day, can spread. The realist understands that most people – myself included – need a kick in the butt to give more, and to help more, and to be kinder. Even if that only happens for the roughly thirty-day period between Thanksgiving and Christmas Day, it’s at least something. It’s a start. That’s the lesson of A Christmas Carol. The Ghosts don’t change Scrooge; he changes himself. And as Dickens famously writes, he kept that going the rest of his days: “He became as good a friend, as good a master, and as good a man as the good old City knew, or any other good old city, town, or borough in the good old world.” Maybe we won’t undergo a late-December miracle, but maybe we can all be a little bit better, at least until March. ***“Timeless” is probably an overused adjective, yet A Christmas Carol has earned that sobriquet. It spoke to audiences in 1843, and continues to speak to us, almost one-hundred-and-eighty years later. Of course, it is not entirely unique or original. Dickens was obviously influenced by writers such as Washington Irving, whose own holiday stories he read, and by the emerging Christmas zeitgeist. Beyond that, I’m sure most cultures have a similar archetypal account of a rich man forced to transform his ways. Dickens’s accomplishment is in taking existing elements and fitting them into a seamless, endlessly satisfying structure, putting Scrooge through his paces so that his eventual redemption is earned, rather than forced. Also, he totally crushes the names. *** It is our reality as humans that most of our lives exist in what we can remember. After all, we have control only of the instant second, and already, that second is passing.For me, Christmas is a marker of time. I have forgotten the vast majority of my days on earth, but can recall most of my Christmases. They are these brilliant nodes of recollection, as real now as they ever were: the Christmas I – like Ralphie Parker – got my first BB gun; the last Christmas I had with my grandparents, and the first one without; the Christmas after my parents divorced; the first Christmas I spent with my wife; the Christmas that occurred ten days after the birth of my first child. Most are sweet, some bittersweet, and all of them locked behind a door in my mind, waiting for the right key. That key comes in many forms: an ornament on my mom’s tree that has been reflecting light since the Great Depression; the smell of pine; the first few chords of Have Yourself A Merry Little Christmas. A Christmas Carol is part of that. It is a vessel, a vein to be tapped. Once opened, it unleashes a flood of visitors: not three spirits, but ten-thousand memories and one.",234,43
5326,A Christmas Carol,Lisa of Troy,375,2777,5,"December 24, 2022","How many of you know an Ebenezer Scrooge? How many of you are Ebenezer Scrooge?Written in 1843, A Christmas Carol is a novella that has stood the test of time.This year, we didn’t put up a Christmas tree, and I haven’t been feeling the “Christmas spirit.” But this book squarely right sided the situation. A Christmas Carol hits on some important societal issues, and it has iconic, unforgettable characters. It also has some laugh-out-loud moments. Here is one of my favorite quotes:“What shall I put you down for?”“Nothing!” Scrooge replied.“You wish to be anonymous?”“I wish to be left alone,” said Scrooge.As Scrooge explores what each of the ghosts has to show him, I loved how the ghosts use Scrooge’s own words against him. This year, A Christmas Carol hit very differently. Over the past few years, I lost my ability to control my left leg due to a genetic defect.Tiny Tim talks about going to church and says, “it might be pleasant to them to remember upon Christmas Day, who made lame beggars walk, and blind men see.”This passage really got to me, and I started to cry. In February, I started an experimental treatment, and I was able to walk again. When I go to church, there are usually no seats left except in the front. As part of my genetic defect, my body can’t process protein. There are extremely high levels of protein in my blood including my brain, and it makes me unbearably tired. What do people see when they see me sleeping in the third row of church? Do people see me as someone who gave what little energy they had to God? Or do they see someone lazy and disrespectful? Or should I not care and just be happy that I made it to church and that I can walk again?A Christmas Carol is a great reminder to bring Christmas cheer. When talking about Scrooge, so many people choose to go positive and wish him a Merry Christmas. Who can we show kindness to this holiday season?Connect With Me!Blog Twitter BookTube Facebook Insta",226,7
5326,A Christmas Carol,Matthew,"1,219",8681,4,"December 16, 2018","How many times have I seen a version of A Christmas Carol? Probably too many times to count, but I can try:- A stage version at least half a dozen times- The Disney version with Scrooge McDuck- The Disney version with Jim Carrey- A Muppet Christmas Carol- Scrooged with Bill Murray- Probably more that I am forgettingFinally, I have taken it upon myself to read the source material! Did I like it? Two words: BAH, HUMBUG!In Dickens-ese that means I did. I have enjoyed pretty much every adaptation I have seen and, in general, they seem very close to the original story. So, I have no complaints!One thing you will find with the book is that each ghost has one or two more scenes that they show Scrooge. It seems like adapters of the book have generally agreed on which stories to leave out as I don't think I was familiar with any of the ""new"" tales.Do you love Christmas stories? Classics? Adaptations of this story? I am not saying you should read this, I am saying you pretty much have to!",225,30
5326,A Christmas Carol,Cecily,"1,094",3830,4,"December 19, 2022","The Christmas classic that everyone knows – even if they haven’t read it. It's quite short, and at some levels quite an easy read, but there is plenty of depth, so I think it's worth reading it in a thoughtful and slightly leisurely way. PlotIt is a simple tale of how a normal man turns cold-hearted and mean and how, when confronted with memories of his past and the possible outcomes of his actions and inactions, he is redeemed by making positive changes to his life and thus that of others.Image: Three-cell summary by John Atkinson/Wrong Hands (Source)Typical Victoriana or not?The book opens with wonderful bathos, “Marley was dead, to begin with.” So right from the outset it is clear it is not a straightforward factual tale. Apart from the famous ghosts (of Christmas Past, Christmas Present and Christmas Yet to Come), which were not unusual in literature of the time, it has time travel and parallel worlds, where each significant choice leads to a branching of reality, which is a staple of much great sci fi. Not such a typical Victorian novel after all.Whilst it is a book whose unhurried and detailed descriptions of Christmas are the epitome of the season (“apoplectic opulence”), it is a book of great contrasts: humbug/festivities, hot/cold, company/solitude, poverty/wealth, worthy poor/wastrels, past/future etc. There is humour too, such as observing that a coffin nail would be deader than the proverbial doornail. Corruption and redemptionScrooge’s name has become synonymous with meanness and sociopathy, which is unfair. The whole point of the book is that he changes for the better, and right from the start there are hints that he wasn’t and isn’t irredeemably bad. For example, he never removed Marley’s name from the sign above his office. I don’t think the reason was solely parsimony because during and after the ghostly encounters, we see different aspects of Scrooge, surely exposed by the ghosts, not actually created by them. So maybe part of the reason for leaving the name was a fondness for the memory of his friend and partner - a link to happier times. Certainly Scrooge had sunk to nasty depths, and maybe ""It was all the same to him"" reflects Scrooge's conscious and observable attitude, rather than the deeper, painful mix of happy and sad memories that he tried so hard to suppress, even though Scrooge would have denied it and believed his denial. Charity is shown to be not merely financial, but personal too (being pleasant, complimentary, thinking creatively about what to do). A counterpoint to that is that regret is pointless and self-indulgent: the way to overcome it is through reparation – which takes us back to charity.Image: Scrooge by Quentin Blake for 1993 postage stamp (Source)Ghostly significanceThe ghostly visitors are not of the Christian kind, but ghost stories were popular in Victorian England. Each ghost is very distinctive in appearance and manner. * The first is pale, shadowy (long forgotten?) and “like a child; yet not so like a child as an old man” (the child is father of the man?).* The second is a convivial festive spirit wanting to share joy.* The third is dark, solemn and scary, reflecting Scrooge’s fears of death and also the sadness that will emanate from him if he does not change, but also with an indistinct face and shape, perhaps suggesting the potential malleability of the future.Christmas Weather and TraditionsThis story is perhaps almost as much part of collective British consciousness about Christmas as the nativity: the presence of snow, gifts, family - and turkey all feel an essential part of the festivities, possibly more so than when Dickens wrote it. Apparently, snow features strongly in a Dickensian Christmas because of an unusual number of white Christmases in Dickens' childhood; for him, the two went together in his mind, if not always in his adult life.Christian or Secular?It has been suggested that it is a surprisingly secular book, but we live in a less religious society and so don’t always notice religious symbolism and allegories unless they’re spelt out. The whole story is a parallel of the Christian gospel, and the fact it’s set at Christmas emphasises that. The main message of Christianity is that no sinner is beyond salvation if they genuinely repent, and that is also the story of Scrooge. There are other links too: three people profiting from the spoils of the dead man (like the Roman soldiers at the cross, albeit they cast lots to decide who got what) and Peter Cratchit reading from the Bible in Christmas yet to come. In those days, religion was so much part of quotidian life for most people that it almost fades into the background at times, like having a wash. Dickens had no need say the quotation is from the Bible or to talk about baby Jesus being part of Christmas because all his readers would know that and most of them would believe it. In our secular times, perhaps that makes the story more powerful now than when it was written?Image: Bob Cratchitt and Tiny Tim by Quentin Blake for 1993 postage stamp (Source)Fresh insights - 2020 UPDATE I really enjoyed this 45-minute podcast by a trio of twenty-somethings I know: Teaching My Cat to Read - A Christmas CarolTheir lively and creative discussion views the story in ways I hadn't considered, demonstrating why it remains so relevant and enjoyable. It also touches on Lord of the Rings, Beowulf, Game of Thrones, Harry Potter, The Hogfather, The Muppets (or course), and capitalism and healthcare. One aspect that especially resonated with me was that they kept coming back to the importance personal connections - something many of us miss acutely in this Christmas plagued by plague. It's not just about charity and money. Scrooge wasn't always ""Scrooge"", but became that way because of unresolved hurt and trauma. Early on, three people reach out to him to embrace the spirit of the season. He rebuffs them, so it falls to actual spirits. There's plenty more in the podcast...Finally:Brian Bilston's ""Tense Christmas""It's included in Days Like These: An alternative guide to the year in 366 poems, which I am reviewing HERE.",223,42
5326,A Christmas Carol,s.penkevich,730,4993,5,"December 26, 2022","‘I will honour Christmas in my heart, and try to keep it all the year. I will live in the Past, the Present, and the Future. The Spirits of all Three shall strive within me. I will not shut out the lessons that they teach.’Perhaps the ultimate Christmas story, Charles Dickens A Christmas Carol has captivated hearts and minds each holiday season since it’s release in 1843. And what says Christmas quite like using the fear of death to sway a wicked, rich man into opening his eyes to the need for community, for sharing burdens, for using our brief time amongst the living to uplift one another instead of shackling others to debt and misery in order to enrich ourselves at the cost of all that is good and beautiful. Though it is not his death that shakes him up most, but seeing the effects of his actions and learning that empathy is the best path forward. This story is as festive as a tree freshly adorned with lights and has canonized itself as a holiday tradition in the great collage of seasonal influences. Dickens harnesses the joyful mystery of the Christmas season as a searing message of kindness, empathy and rebirth, placing a damned soul on the precipice of his legacy of ruin and causing an introspective trauma with enough blunt force to shatter the ice around his heart and open the possibilities of shared love. We all have our ghosts that haunt us—usually they don’t kidnap us from bed on Christmas Eve to rub our noses in the filth of our making to wash ourselves clean, but this does remind us maybe it could happen to you—and Dickens reminds us all to live better, live for each other as well as ourselves, and to give in to the spirit of the holidays.‘There is nothing in the world so irresistibly contagious as laughter and good humor.’I have to thank my good friend Kenny for inspiring this read as it is his holiday tradition to have a Dickens December. Which gets me thinking about tradition, especially as I’ve been reading impressing upon the bliss of tradition. The holidays are a magical time because it is a season where it is socially acceptable across all fronts to emote. Sure it has become mired in capitalist steroids of expensive gifts, flashy displays, and all that jazz that pissed the Grinch off enough to rob everyone bare, but underneath it all is a tender heart of compassion and expressions of love that we can return to in our hearts. Traditions are like the shortcut to that passion. This story, for one, is a tradition in my family as I am quite fond of The Muppet’s Christmas Carol, and the power of this narrative to have the pulse of the holidays is part of the reason it has become a tradition for many and has been widely adapted. I grew up on the Alastair Sim version as well, finding it a bit dusty for my childhood tastes but now watching it is a quick route to warm memories. Same with It’s A Wonderful Life, a movie I couldn’t stand as a kid because it was SO long but now I can’t go a December without watching (while usually getting good and wine drunk and shouting along with every line, sorry everyone). It isn’t Christmas for me until my sister and I shout “Merry Christmas Bedford Falls!” to each other in bad Jimmy Stewart impressions and then retort “And a happy new years! In jail!” But enough about Christmas traditions.This book is a pretty awesome punching up at society. Dickens shows the poor as downtrodden and oppressed, but captures the whole “salt of the earth” elements to show that their resilience and love shines bright enough in the darkness to make this whole tragicomedy of living worth the endeavor. Tiny Tim is a symbol of purity, like a Job unquestioning in his faith of goodness despite the hardships of his reality. And then we have Scrooge. The bad boss, the guy you cross the street to avoid, the man with nothing good to say and only greedy hands that will take your very soul if they can grasp you. Sweet Bob Cratchet labors away for him in the dimly lit office because ‘darkness was cheap, and Scrooge liked it,’ a line that makes me chuckle having worked in a factory where ‘being cold in winter is cheaper’ was a legit response to asking if we can get some heat. Dickens takes dead aim at the ruling elites and, through the help of three ghosts, shows that their money loving ways is a crash course to spiritual ruin and a legacy of shame. Not to make this sound bleak, because Dickens is quite funny in fact. Also this book still feels wildly relevant in theme and message all these decades later. I love that this is a ghost story. I love the infusion of horror with Christmas, I think it puts us closer to life by remembering death is part of the deal. I like the theory that the lamp gasses in the Victorian era lead to the telling of ghost stories because everyone was high as shit, which isn’t that different from my own Christmas Eve’s with friends. So carry on that tradition. But it also gets into how rather frightening a lot of religious messaging on hellfire and damned souls can be. Which has never been something I’ve enjoyed about religion but when you mix it with Christmas and tell a story like this, the holiday acts like sugar to sweeten it all into a pretty charming festive treat. Dickens story lives on, and understandably so, because it grabs our primal fears of death and public opinion and asks us to be the better version of ourselves. Because in doing so we can uplift those around us. Merry Christmas, Happy Hanukkah, Happy Holidays to all my friends. Thanks, Dickens, this was a magical read that put me in some high holiday spirits. Now to go listen to Sharon Jones and the Dap Kings, my traditional favorite holiday album.",209,47
5326,A Christmas Carol,Maureen ,"1,291",7114,4,"December 31, 2019",This was a reread for me and it needs no introduction. The perfect read at Christmas time and I love it!,194,42
5326,A Christmas Carol,Tadiana ✩Night Owl☽,"1,878",22600,5,"January 30, 2019","Ebenezer Scrooge, the very definition of grumpy miserliness, gets a second chance at figuring out what's really important in life, with the help of some ghosts who give him an unforgettable version of ""This is Your Life.""This may not be a perfect piece of literature - there are a few places where Dickens goes off on tangential lines of thought that I thought would have been better left out - but you know, it's actually amazing and really touching, the influence this classic novella has had on our culture. I have to give it props for that, and that's what bumps my rating from 4 stars to 5.If you're interested in a brief glossary of some of the Victorian terms that aren't familiar to us nowadays, I found a very useful set of annotations online at http://drbacchus.com/files/christmas_..., along with some brief commentary from someone who clearly loves this story. I found this when I went on a search to figure out what Treadmills had to do with England's treatment of the poor. It was very instructive!God bless us every one!",178,39
5326,A Christmas Carol,Mario the lone bookwolf,732,3388,4,"January 31, 2023","One of the most influential and anti grinchy works of all time. It might be hard to impossible to find someone who hasn´t at least heard about this classic example of Christmas ethic seminar, something close to impossible to achieve and to thank Dickens for as a paladin of humanism. The story is well known, close to an epigenetic factor because of its prominence, so let´s drivel around the core element.  I don´t know where this kind of moral storytelling originated, probably tens of thousands of years ago when the first shaman or chief thought it would be cool to use vision, prophecy, the power of dreams, imagination and a grain of indoctrination to communicate the right behavior to her/his people. Ethics and moral are important, omnipresent, and timeless topics that shouldn´t be reduced to the few holidays of different religions to give people, working against the interests of humankind to enrich themselves the whole year, a bad conscience (as if this would be possible, as if they would even realize what monsters they are as they don´t directly kill, but just indirectly support the misery by playing key roles of a dysfunctional system), but used in everyday life, politics, and every single decision. Ok, before it gets completely unrealistic, I´ll better end this review. Just one more if you have time? Great. A bit too much fourth wall breaking here today, sorry for that. The bigotry and mendacity of society and the middle and upper classes have grown since Dickens times, as they were at least confronted with the poor and their suffering, directly starving on the streets next to the degenerated elite, while noblemen and ladies were worried there shoes or clothes could get stained if a dying person collapses in their direction as blood was so difficult to get out those days without fancy detergent tech.  Today, the hardship and slums are kept far away from the modern, beautiful, important parts of cities, recreational and cultural centers, etc. so that nobody has to burden her/himself with thinking or even worrying about the majority of people living in precarious conditions to serve the upper class to enable their useless, earth shattering consumption and snobbish spare time activities they need wage slaves for to really enjoy, as they can´t even get their lazy buttocks moving to make themselves a coffee or meal or find hobbies not involving dozens of minimum wage paid people needed to support their entertainment.  Not even to mention the Southern hemisphere and the immense, unnecessary, by a fair economic system easily preventable, suffering of billions and dying of tens of millions of people directly caused by this system.  But hey, merry Christmas everyone. Tropes show how literature is conceptualized and created and which mixture of elements makes works and genres unique: https://tvtropes.org/pmwiki/pmwiki.ph...",169,12
5326,A Christmas Carol,Kalliope,681,22,5,"December 22, 2017","REREADING IN 2017 BUT I REPEAT EVERYTHING BELOW TO MY UN-SCROOGY FRIENDS.
  I wish a most UN-SCROOGY Christmas to all my GR Friends.
With lots of:MerrimentChristmas LoveGenerous and very Christmasy GiftsCopious and Delicious FoodNot too much drinkingChristmas GamesAnother watch of The NutcrackerAnd of course...Fascinating and Beautiful BooksAnd to remember what Scrooge learnt:
  I will live in the Past, the Present, and the Future!
",167,73
