Uid,Title,Reviewer,N_Review,N_Follower,Review_Rate,Review_Date,Content,N_Likes,N_Comments
18774964,A Man Called Ove,Emily May,"1,921",29000,4,"October 1, 2016","Update: I had planned to leave this post as it is, but after seeing the continued kind responses, I thought it best to inform you that my grandad passed away just before Christmas. Thank you to everyone who commented about this review and about him, but it seemed wrong to not let you know. It's always hard to lose someone who has been such a huge part of your life from day one, but please know that he died a happy old man, peacefully, surrounded by his family. And isn't that the best any of us can ever hope for?~ Emily ♥ .......................................................................I'm going to share something with you.My grandad is the very definition of curmudgeonly. He's an eighty year old man who likes to complain about anything and everything: youth today, UK politics, my dad, the weather, technology... you name it. He calls me and my siblings up most days to tell stories punctuated with rants and numerous ""bloody hell""s. I'm not worried about him seeing this post because he doesn't trust computers and hasn't even grasped the concept of the internet. Most new technology is referred to as ""those bloody things"", except for FaceTime, which he has recently taken a liking to. He makes use of it by popping up on my iPhone multiple times a day to deliver a bout of doom and gloom in which I see nothing on the screen but his chin. All my friends are a little afraid of him and are never quite sure when he's joking. He is nothing short of a grumpy old man. Except, in truth, that's only half of it.The other day I opened the mailbox to find an envelope which contained this picture of me and him from my graduation:And with it came this note:Thing is, behind whatever my grandad may seem on the outside, he is a loving man who lost his wife - my grandmother - several years ago. He bugs us constantly with his moaning about life because he's lonely and because he misses us. He has a heart and he has a sense of humour, even if most people don't really get it. And it was in Ove, the protagonist of this novel, that I recognized pieces of my grandad.
  
    “People said he was bitter. Maybe they were right. He’d never reflected much on it. People also called him antisocial. Ove assumed this meant he wasn’t overly keen on people. And in this instance he could totally agree with them. More often than not people were out of their minds.”
  
I loved Ove. Parts of this novel punched me right in my emotions. I think I would have been okay if this novel was merely a sad, moving tale about a man who has to get on with his life after his wife died. I could have shaken off the emotional manipulation - as I did with The Fault in Our Stars - and not shed a tear. But this story is so much more than a tearjerker.Ove shouldn't be a character we love; he's so miserly and grumpy and skeptical of everything... but he's also hilarious. He charms us with his completely uncharming ways. Because, though I don't share his worldview, what he says actually makes sense and sometimes it's really funny. Take this:
  “Ove glares out of the window. The poser is jogging. Not that Ove is provoked by jogging. Not at all. Ove couldn’t give a damn about people jogging. What he can’t understand is why they have to make such a big thing of it. With those smug smiles on their faces, as if they were out there curing pulmonary emphysema. Either they walk fast or they run slowly, that’s what joggers do. It’s a forty-year-old man’s way of telling the world that he can’t do anything right. Is it really necessary to dress up as a fourteen-year-old Romanian gymnast in order to be able to do it? Or the Olympic tobogganing team? Just because one shuffles aimlessly around the block for three quarters of an hour?”
Plus, there's a wonderful cat who our lovable protagonist grudgingly befriends, which just improves this book even more. I think perhaps the saddest part of this book is not found in the most obvious place. Ove's loss of his wife touched me, but I was even more affected by the underlying tale of old age and how many old people can be left feeling lonely and out of place towards the end of their lives. How difficult it must be to live alone in a world that becomes more foreign to you every day, with its new gadgets and trends that you don't understand or care to entertain. It was moving and thought-provoking.I'm going to call my grandad now.Blog | Leafmarks | Facebook | Twitter | Instagram | Tumblr","3,482",269
18774964,A Man Called Ove,Lynda,203,59,5,"January 23, 2015","""Death is a strange thing. People live their whole lives as if it does not exist, and yet it's often one of the greatest motivations for living. Some of us, in time, become so conscious of it that we live harder, more obstinately, with more fury. Some need its constant presence to even be aware of its antithesis. Others become so preoccupied with it that they go into the waiting room long before it has announced its arrival. We fear it, yet most of us fear more than anything that it may take someone other than ourselves.""― Fredrik Backman, A Man Called Ove""For the greatest fear of death is always that it will pass us by. And leave us there alone.""― Fredrik Backman, A Man Called OveI'm sitting here this afternoon, alone. Alone and contemplating. Contemplating life. Contemplating time. Contemplating age. Just contemplating...I do so with tear streaked cheeks. I've just finished crying. I've just parted with a man I've never met, yet a man I feel I know so well. A man I disliked in the beginning, yet a man I loved at the end. A man who spent his life contemplating. A Man Called Ove. Ove (pronounced 'Oo-veh') is a cantankerous, taciturn, inflexible man. He's a veritable stick in the mudslide of human advancement, futilely rebelling against it. He thinks himself surrounded by idiots, with people always disappointing him. Over the years he has been conned, ripped off and harrassed, mainly by bureaucrats (""the men in the white shirts""), whom he despises. He is a man who lives life fairly and squarely but finds himself beset by injustice and bad luck. Ove has certainly had his fair share of sadness. At 59, he's lost his job as well as the love of his life, his wife Sonja. He misses Sonja so much that sometimes he can't bear existing in his own body. 
  ""Loving someone is like moving into a house. At first you fall in love with all the new things, amazed every morning that all this belongs to you, as if fearing that someone would suddenly come rushing in through the door to explain that a terrible mistake had been made, you weren't actually supposed to live in a wonderful place like this. Then over the years the walls become weathered, the wood splinters here and there, and you start to love that house not so much because of all its perfections, but rather for its imperpections. You get to know all the nooks and crannies. How to avoid getting the key caught in the lock when it's cold outside. Which of the floorboards flex slightly when one steps on them or exactly how to open the wardrobe doors without them creaking. These are the little secrets that make it your home.""
“People said Ove saw the world in black and white. But she was color. All the color he had.” ― Fredrik Backman, A Man Called OveLife has got to the point where Ove's had enough. He is fed up. So fed up that he simply wants to end it all. He wants out of this world.A Man Called Ove essentially calls out the dangers of living in a society that focuses more on thought than action, and highlights the risk of imprisoning oneself in grief. There is a sombreness to this novel (afterall, it's from Sweden! :-) ), but there is also optimism and lots of laugh out loud humor. 
  “Ove glares out of the window. The poser is jogging. Not that Ove is provoked by jogging. Not at all. Ove couldn’t give a damn about people jogging. What he can’t understand is why they have to make such a big thing of it. With those smug smiles on their faces, as if they were out there curing pulmonary emphysema. Either they walk fast or they run slowly, that’s what joggers do. It’s a forty-year-old man’s way of telling the world that he can’t do anything right. Is it really necessary to dress up as a fourteen-year-old Romanian gymnast in order to be able to do it? Or the Olympic tobogganing team? Just because one shuffles aimlessly around the block for three quarters of an hour?”
I simply adored this book. Backman's writing is clean and simple, at times deceptively so, with its gentle, episodic and occasionally repetitive structure. The story is laced with loneliness, with life's numerous disappointments and the great grey weight of the real; the last chapters deliver some unexpectedly savage emotional blows. But this is tempered with a sense of quiet celebration.A note of hope threads through the writing, building slowly, and the small details as much as the grand narrative delight and move: the moments of connection, the reawakening of a man frozen by grief, the ability of people to touch one another's lives.This is a MUST READ. It will resonate with everyone.","1,873",213
18774964,A Man Called Ove,Debbie,423,2682,2,"June 18, 2016","Argh! It’s hard not to start this review with a bunch of expletives, because this book pissed me off royally! Shit! See, I can’t even hold it in. The cat and the fat were the straws that broke the camel’s back. Let’s start with Ove not liking the cat. Not liking the cat is one thing. For some reason bitching about a cat is supposed to be funny, but to me it’s annoying. Ove kicking the cat a couple of times cranked my wincing up a notch. But there was a way worse cat crime: Ove was going to leave the cat to die in a snow bank! The neighbor saw the cat and saved it, while Ove looked on with annoyance. So Ove isn’t just grumpy, he’s heartless--seriously mean. And then miraculously, yet still predictably, Ove comes to like the cat and suddenly they’re best friends. At least the story’s predictability saved me from fretting incessantly about the cat.Cat problem number 2: The author, Backman, is completely absolutely totally clueless when it comes to cats. Cats are known for not being adaptable. Yet here is a stray cat; i.e., probably unsocialized and skittish and scared of people, who immediately and happily jumps into Ove’s car and accompanies him on all his errands. I mean the cat actually goes into stores with him! What??? I’ve met maybe one cat that doesn’t hate riding in a car. You usually can’t even coax a cat into the car, but if you do succeed, the second the car starts moving the cat freaks out. And it’s highly unlikely that the cat would follow its new person into a store, full of strange people, sounds, smells, and objects; it’s just ludicrous. When the cat walked into McDonald’s with Ove, that was the last straw. And never mind that restaurants don’t even allow pets (including Sweden). The writer should have made the animal a dog instead of a cat, or should have talked to a cat person before writing the book.The next huge bitch I have is the way the author talks about the big guy, Jimmy. Ove makes a disparaging comment about the guy letting himself get fat. So at first, I thought, okay, so Ove doesn’t like fat people; he doesn’t like anyone, so that’s not surprising. But I quickly see it’s the author who has a problem. When the author first introduces Jimmy, he’s referred to a “quarter-tonner” who, the author says, probably tests bacon for a living! The author mentions something about Jimmy’s weight every single time Jimmy enters a scene. For instance, the author says something like “the overweight man gets into the car.” That’s like saying every time a non-overweight person gets into a car, “the height-weight proportionate man gets into the car.” Not only is it obnoxious that the author points out Jimmy’s weight every chance he gets, but isn’t it bad writing to repeat, time after time, the same feature of a particular character? He’s overweight, we get it. The author’s prejudices and insensitivities are shining through, and they aren’t pretty: Jimmy either has food hanging out of his mouth, or has food spilled on his clothes, or he’s looking for food. I hate to tell the author, but most overweight people are not slovenly and they often don’t even eat in public. His prejudice against overweight people was prominent and infuriating.But I’m not done. Let’s talk about Ove’s transformation. First, why in the hell would an upbeat woman fall in love with the jerk? Talk about an unlikable character! And why would any neighbor put up with his shit? Not believable, sorry. Second, how would his personality change over just a couple of months? People don’t transform that fast, if at all. But most important, I want to know why someone who is grumpy and mean becomes a super star when he simply turns into a civil human being. Why is he being rewarded, praised, adored, and esteemed because he finally becomes civil? Why does he get extra credit for acting civil, like everyone else is doing all along?Okay, there are a couple of fine things about the book. Ove is so well drawn, I believed every nasty word he uttered. Also, the language is good, and the story moves along seamlessly. But there are many structural and logistical problems. One time the same paragraph appears three times within 20 pages. Another time, a character disappears from a scene. This all points to a careless editor and writer. Debut book or no debut book, it shouldn’t be this sloppy.I wish I had better news. Those who aren’t bothered by cat and fat insensitivities might find Ove to be interesting and funny, and the book entertaining. I didn’t. The majority of reviews are positive. It just hit me all wrong. ",919,535
18774964,A Man Called Ove,Miranda Reads,"1,588",15300,5,"December 9, 2020","
  
Shout out to this absolutely fabulous book in my 
   latest booktube video
 - all about the best books I read each month and 2019's bookish stats (and yes, I really did read 365 books in 365 days!).Now that you know this one made the cut - check out the video to see what other ones made my top 12 list!The written review: 
 He went through life with his hands firmly shoved into his pockets. She danced.
Ove is the quintessential grumpy old man. He lives in a little development, where he spends much of his time patrolling and reporting rule-breakers.Even when he was younger, Ove has always been...particular. He had a steward set of principles and absolutely compromised them. 
  Men are what they are because of what they do. Not what they say.
 But then...Sonja came into his life.
  She just smiled, said that she loved books more than anything, and started telling him excitedly what each of the ones in her lap was about. And Ove realised that he wanted to hear her talking about the things she loved for the rest of his life.
And immediately, Ove's life was forever changed.
  Ove had never been asked how he lived before he met her. But if anyone had asked him, he would have answered that he didn’t.
But, after many, many blissful years of marriage, Ove is grieving. Grieving far harder than he ever would have thought possible. 
  Death is a strange thing. People live their whole lives as if it does not exist, and yet it's often one of the great motivations for living.
Ove has always been grumpy, but since the loss of his wife, those characteristics have grown tenfold.Most, if not all, of the neighbors avoid him as much as possible...and with nothing left for him, all Ove can think about is finding a way to join Sonja...that is until a young family moves in next door. The bumbling husband and his young (and VERY pregnant wife), Parvaneh, move in, along with their two children. And suddenly his world becomes upended for the second time in his life.Three points:1) where has this book been all my life?!2) according to the audiobook, he's ""Oo-vah"". It's weird, and I'm honestly disappointed that it's not ""Love"" but without the ""L""3) this is, quite possibly, the best book everTo summarize - this one was truly one of the best books I've ever read. It is so well-written and it's has the perfect blend of heartwarming and heartwrenching. I can hardly believe how many times I almost cried...only to burst out laughing. My emotions were a roller coaster in the best way possible.The characters were incredibly real - I really felt like I could have a full conversation with all of them.And Ove! Ove is a charming old grump - and I love how this book emphasizes humanity - how even the old man down the street needs love in his life.It's just so good - PICK IT UP TODAY!Audiobook CommentsRead by George Newbern - and he really nailed it. The audiobook was so perfect - so incredible!YouTube | Blog | Instagram | Twitter | Facebook | Snapchat @miranda_reads",705,72
18774964,A Man Called Ove,chai ♡,321,15000,5,"January 11, 2023","When I finished reading this book, I closed it very gently, as though the pages were flesh that might be bruised. Something about the moment felt very fragile, and it was hard to immediately identify how I felt then: a fierce sense of joy swiftly yanked back by the leash of a sadness still incipient, a grief that had not sunk in yet. There’s a hollowness in me now, a rawness that only a novel like A Man Called Ove leaves behind. A Man Called Ove traces the story of Ove, a cranky 59-year-old Swedish man who lost his wife, then his job. Ove’s first suicide attempt is interrupted by his very pregnant and very blunt Iranian neighbor, Parvaneh, and her annoyingly sunny husband who seems determined to aggrieve Ove by not properly parking his car, and later, for the rest of the novel, by a series of comically mundane happenings “that made [Ove] sufficiently angry to hold his attention.”From such a tragic and simple premise, Backman crafts an unforgettable story about love, loss, family and friendship, with all their risks and rewards. This is probably not the best reading material for your commute, because (and speaking from experience) you will likely find yourself too immersed in your reading to remember your stop.One of the most impressive elements of this novel is the way Backman nails that perfect mix of tragedy and comedy, allowing the reader to experience fierce joy even when the story probes real grimness. He never comes off as irreverent or disrespectful, but nor does he allow the story to become too unbearably sad. The reader senses from the outset a very deep compassion between protagonist and author, and it's contagious. Ove is a very special character, and it takes, I think, a rare talent to treat this sort of character with not just respect but with sincere empathy and infectious enthusiasm.I spent most of my time reading with my heart aching for Ove. Ove, who is not a people person, who lives his life by the bullish assumption that any course of action he suggests would automatically be undertaken by those to whom he suggested it. Ove who bleeds integrity, who believes that “there’s a right way of doing things, and a wrong way.” Ove whose grumpy facade conceals a deep loneliness and an even deeper grief. It's impossible not to love Ove, and in loving him, to grieve for him (and with him). At the heart of the matter, after all, is grief; and Backman’s explorations of loss and aftermath—what it means to grieve and grieve messily, to not only mourn the loss of another, but also the loss of the hidden parts of yourself that only they could coax out of you—comes through with powerful clarity in A Man Called Ove. For years, love was a big blue wave that lifted Ove up; it shored him up, carried him home, and just when he believed it would last forever, it disappeared and left him behind. There one moment, and then gone.I don't think I've ever felt this helplessly sad reading a novel, but when I think about Ove's story, I want to think about the love Ove and his wife had for each other and the steady and undemanding affection of it; about the generous transformation of Ove’s neighbours into the most cherished of friends; about the deep steadfast stream of kindness that carries the novel; and of course, about Ove himself, the most loveable grumpy comedian in the world.I can't recommend this novel highly enough. A Man Called Ove will make you smile and it will make you cry and it will make you feel so deeply for someone who doesn’t exist but whom you'll never forget.","2,576",101
18774964,A Man Called Ove,David V.,747,72,5,"May 11, 2014","Received as an ARC from the publisher. Started 5-8-14. Finished 5-11-14. First let me explain what happened to me while reading this book aloud to my wife as she was preparing dinner. I'm 70; she's almost 70. I'd read the first page, laughed out loud and decided she'd like to hear it read. I read, we laughed and nodded knowingly, then I got to the end of chapter 4 and completely lost it---I couldn't continue through those last few sentences. My wife said I should quit since she knows that I cry at supermarket openings! Now how many books have you read that can cause that kind of a physical and emotional response?! On the other hand, this book is hilarious, insightful, touching and just plain awesome. It seems pretty simple at first but there is more depth to this book than any I've read in forever. As I got near the end, I thought that there really should be a sequel, then the plot changed-----definitely no sequel. But I'm thankful I had the opportunity to read this. You will too.","1,635",165
18774964,A Man Called Ove,Elyse Walters,"3,845",34900,5,"October 23, 2019","This is a tale that makes you appreciate life!I vote *OVE* as 'character-of-the-year'! The author has created the most memorable character to be found in a novel --in years. *OVE*, is an unassuming man. He likes routines, and rules. He's an honest man. Doesn't smile and give compliments -- but he's a man of integrity. To watch OVE grow - heal the loss of his wife -and allow his neighbors to love him (and love them back) -- is is a treasure. This book has great humor & great heart!Its a personal gift for 'all' readers! DON'T MISS THIS GEM!",628,59
18774964,A Man Called Ove,Nilufer Ozmekik,"2,064",38100,5,"October 15, 2022","Fredrik Backman is one of my favorite authors who has unique gift to create deeply layered, unforgettable, quirky, irritating characters who achieve to conquer our hearts when they show their true colors by sharing their vulnerability honestly, sensitivity genuinely. Ove seems like one of the grumpiest characters of the literature history. He never smiles. He doesn’t like saying nice things to people around him. He has his principles. He likes his special routine. He is straightforward, telling his opinions with pure and ugly honesty. But when you learn his traumatic past and how he loses his wife, your biased thoughts about him start to change and as he starts to connect with his neighbors and touch their lives, we realize he has a golden hearted, interestingly one of a kind man who steals a special part of your heart. This is one of my favorite works of the author and I chose to listen its audiobook for my flashback Saturday reading. ( when mercury is in the retrograde, those flashback reading become more meaningful!) Narrator George Newbern ( I know him as Scandal series’ quirky contact killer Charlie! ) did an amazing job! I highly recommend you to give it a try! Here are my favorite quotes of the book: “We always think there's enough time to do things with other people. Time to say things to them. And then something happens and then we stand there holding on to words like 'if'.”“Men are what they are because of what they do. Not what they say.”“You only need one ray of light to chase all the shadows away”“But sorrow is unreliable in that way. When people don’t share it there’s a good chance that it will drive them apart instead.”",500,9
18774964,A Man Called Ove,Lisa of Troy,375,2777,5,"July 22, 2022","The One Who Does Not Read Books sat down and listened to the audiobook and started chuckling. The One Who Does Not Read Books also has a Saab.Ove is a grumpy old man who finds himself alone. However, things begin to change quickly when his new next door neighbors run over his mailbox as they move in. Can Ove find new value to bring in this Starbucks laden, InterNET infested world?This is one of the funniest books that I have ever read. Backman perfectly nailed the character of Ove. Personally, I was laughing so much because The One Who Does Not Read (and also owns a Saab) shares many of the same characteristics as Ove that I was laughing so hard!There is one member of my family who has emphatically insisted that he does not read (The One Who Does Not Read). After initially refusing, I heard him chuckling in the other room. Eventually, he sat down next to me and listened to some of the audiobook. Overall, this book hit the perfect spot! It definitely delivered on the funny!2022 Reading ScheduleJan Animal FarmFeb Lord of the FliesMar The Da Vinci CodeApr Of Mice and MenMay Memoirs of a GeishaJun Little WomenJul The Lovely BonesAug Charlotte's WebSep Life of PiOct DraculaNov Gone with the WindDec The Secret GardenConnect With Me!Blog Twitter BookTube Facebook",478,40
18774964,A Man Called Ove,Jesse (JesseTheReader),457,16200,4,"August 7, 2015","This was such a nice story! It's about the transformations we go through in life and how different events within our life affect, shape us, and make us who we are today. ",477,12
18774964,A Man Called Ove,PirateSteve,90,328,5,"March 28, 2018","Ove - gruff, insensitive, antisocial - Ove 6 months in widower finds nothing remains to live for. The writing/English translation of Ove's story is top-notch. The story-line itself plays very well with this character study.The story moves forward, then comes a little back story, we move forward again and this pace continues through out the book at finely tuned measurements. But that's not why 5 stars. My 5 stars comes because every time the story moved forward, someone touched on my emotions. And every time I read another piece of back story, Ove or his wife(Sonja) pulled on my emotions. So halfway into the book and there is a slight feeling of attachment starting to take hold. And by the end of the book there was solid emotional investment ... it's worth it. excerpts are spoiler(ish)page 11 narration ""Won't it be nice to slow down a bit?"" they said to Ove yesterday at work. While explaining that there was a lack of employment prospects and so they were ""retiring the older generation."" A third of a century in the same workplace, and that's how they refer to Ove. Suddenly he's a bloody ""generation."" ""Ove glares out of the window. The poser is jogging. Not that Ove is provoked by jogging. Not at all. Ove couldn't give a damn about people jogging. What he can't understand is why they have to make such a big thing of it. With those smug smiles on their faces, as if they were out there curing pulmonary emphysema. Is it really necessary to dress up as a fourteen-year-old Romanian gymnast in order to be able to do it?"" page 18/19 narration '""Holy Christ. A lower-arm amputee with cataracts could have backed this trailer more accurately than you."" Ove mutters as he gets into the car.""' ""'Reverse radar and parking sensors and cameras and crap like that. A man who needs all that to back up with a trailer shouldn't be bloody doing it in the first place.""' ""The lanky One nods cheerfully at him. ""Thanks for the help,"" he calls out, as if Ove hadn't just spent the last ten minutes insulting him."" page 36 narration ""Ove knew very well that her friends couldn't understand why she married him. He couldn't really blame them."" ""People said he was bitter. maybe they were right. He'd never reflected much on it. People also called him antisocial. Ove assumed this meant he wasn't overly keen on people. And in this instance he could totally agree with them. More often than not people were out of their minds."" ""Ove wasn't one to engage in small talk."" page 37 narration""He was a man of black and white."" ""And she was color. All the color he had."" page 51-52 Ove's skinny neighbor lady he has nicknamed Weed. She has a dog named Prince and Ove is protecting a stray cat. ""Don't you hiss at Prince!"" wails Weed, picking up another stone from Ove's flower bed and hurling it at the cat.""""She picks up another stone and prepares to throw it. Ove takes two quick steps forward and stands so close behind her that she can most likely feel his breath.""""'That disgusting thing scratched Prince!"" she manages to say, her eyes wild with fury.""""I'll kill that piece of shit! ... It's probably full of disgusting diseases and rabies and all sorts of things!"" ""Ove looks at the cat. Looks at the Weed. Nods."" ""'And so are you, most likely. But we don't throw stones at you because of it."" page 108-109 narration ""He never understood why she chose him. She loved only abstract things like music and book and strange words. Ove was a man entirely filled with tangible things. He liked screwdrivers and oil filters. He went through life with his hands firmly shoved into his pockets. She danced."" ""You don't fool me, darling,"" she said ... ""You're dancing on the inside, Ove, when no one's watching. And I'll always love you for that. Weather you like it or not."" page 125 Ove, neighbor Parvaneh and her two daughters, and two security guards ""Ove hit the clauwn!"" the three-year-old shrieks delightedly.""""Parvaneh stares at him, agape, and can't even think of anything to say.' ""He was no good at magic anyway,"" the seven-year-old groans.""""Why ... hold on ... what ...what clown?""""The clauwn Beppo,"" the toddler explains, nodding wisely."" ""Stupid magic,"" says Ove."" ""Ove HIT the clauwn, Mum,"" the three-year-old titters as if this was the best thing that ever happened in her whole life.""""We're here to visit my husband. He's had an accident. I'm bringing in the children now to say hello to him,""she explains to the guards.""""That's fine."" One of the security guards nods."" ""But this one stays here,"" Confirms the other security guard and points at Ove."" page 131 narration ""Ove had never been asked how he lived before he met her(his wife). But if anyone had asked him. he would have answered that he didn't."" page 151 Ove with wife, Sonja ""Shakespeare,' said Sonja."" ""Is that any good?"" Ove wondered."" ""It's fantastic,' Sonja nodded, smiling."" ""I've never read anything with him,"" mumbled Ove ..."" ""By him,"" Sonja corrected, and lovingly put her hand on his. In their almost four decades together Sonja taught hundreds of pupils with learning difficulties to read Shakespeare's collected works. In the same period she never managed to make Ove read a single Shakespeare play. But as soon as they moved into their row house he spent every evening for weeks on end in the toolshed. And when he was done, the most beautiful bookcases she had ever seen were in their living room."" ""You have to keep them somewhere,"" he muttered."" ""And she crept into his arms and said that she loved him. And he nodded."" page 153 narration ""The ones she liked, such as The Old Man and the Sea, she'd read so many times that she'd lost count."" page 262 narration ""... when the doctors gave her the diagnosis four years ago. She found it easier to forgive than Ove did. Forgive God and the universe and everything. Ove got angry instead. Maybe because he felt someone had to be angry on her behalf, when everything that was evil seemed to assail the only person he'd ever met who didn't deserve it."" ",392,71
18774964,A Man Called Ove,Megan Johnson,47,76,5,"June 20, 2017","Since I have been reading more and more, I have realized that it is not always beneficial to give each book a 5 star rating just because you got to the end of it. This book, I mean THIS BOOK deserves a 5 star rating. If I could give it more than I would, but alas I cannot. :(So, here's the review. Greif is a strange thing, I have heard many people say. I have lost people in my life, but not in the way that Ove has in this book. Ove mother dies when he is young, leaving Ove and his father. His father taught Ove how to be a man in so many ways. He was taught that a Saab was the best car to purchase, which Ove goes above and beyond to stay loyal to that car company. His father taught him how to work and cook and love. Then, Ove looses his father when he is 16. This leaves Ove in a bad place, he literally becomes a hermit in a way and doesn't talk or bother with people anymore. He takes over his father's job. Then there were some issues with that, but Ove was honest and trusting and he came out on top of that issue!Ove then meets Sonja when he is on a bus. Buses have a lot to do with this story come to think of it. Ove finds his wife and the love of his life on that bus that day. He also looses a lot on a bus on a different day - but you'll have to read the book to find that part out ;). Ove and Sonja moved into a row home together and shortly after Sonja passes away. This leaves Ove with nothing and he doesn't know what to do with himself. He lived his life to please her and now she is gone. Here's the thing about grief, people deal with it in all kinds of ways. Ove was dealing with it in the worst way you could, until his new neighbors moved in. This is where the book gets going really, and I don't want to say too much because I think it is really important that if you want to read this book that you get the entire story how it was intended by the Author. Moral of my little review, Ove was a mean, grumpy, miserable man until those neighbors moved in and that brought Ove out of his shell. He was needed by people again and he felt wanted. He became a family with everyone in the neighborhood all because of that little family who lived across the street.Some things to remember when you are reading this book:1.) Buses2.) Pink Flowers3.) Saab's4.) Rules - Ove was NOT a rule breaker5.) Love6.) Hands - an odd one, but true!7.) White ShirtsThis is the end of my review. I loved this book and I feel like I will reread this one many times when I feel alone or upset or just want to read a damn good book!If you have any questions or want to know more about it than I have told you, please private message me.Enjoy reading this wonderful book! :)",387,64
18774964,A Man Called Ove,emma,"1,781",42700,4,"May 18, 2022","FINE. I’M CHARMED.Everyone said it. Everyone in the whole world agreed: this book is lovable as hell. Everyone stated, in unison, “It is impossible not to fall in love with A Man Called Ove.”I, the queen of unpopular opinions (yes people definitely call me that, and not just me, in an attempt to get people to think it’s a nickname and start using it), thought I knew better.I did not know better.This book sneaks right into your heart. Even if you think you have a heart of stone, surrounded by a tall wall and lava and three moats with sea monsters in them, this story will crawl in when you’re not paying attention and it WILL NOT LEAVE. It will use its wittiness and its likable Scandinavian style and its grumpy protagonist and its ragtag cast of characters and its unsentimentally related moments of pure sadness, and it will make you love it. If aliens wanted to invade the world, and they wanted to take over through the sheer power of affection and charm, they could do it with A Man Called Ove and we would all be powerless to stop it.My recommendation: Don’t try to stop it. Read this book.(And HELP ME THE ALIENS HAVE GOT ME they’ve got everyone they’re COMIGN FOR YOU NEXT DON’T READ THIS BOOK--IT’S HOW THEY GET YOU--IT’S HOW THEY INVADEEEFGJHSEGFSHJDFSHHFS///////////////////////Bottom line: I, Emma, recommend this book and have definitely not been taken over by aliens!------------pre-reviewokay FINE so maybe everyone was right. review to come------------currently-reading updatesif I don't like this book, I'm pretty sure I'm allowed to sue the whole world",364,8
18774964,A Man Called Ove,"Debbie ""DJ""",350,393,2,"April 1, 2015","When I began reading A Man Called Ove, I thought what a clever tale of an angry old man. The kind that believes rules and regulations are of utmost importance, that see the world filled with stupid people, and is always right. The way the author describes him and his actions are hilarious, as I have known a few Oves myself. They have their principles! The only person Ove had and loved dearly, was his wife, Sonja. She has just passed away, and all Ove wants to do is kill himself, but those pesky neighbors keep getting in his way!I was enjoying all the fun until about the 40% mark, then I started getting angry myself. It is always others who make Ove begrudgingly do the right thing. It was always his wife who made all the excuses for him as a basically non-functioning adult.There were two items in particular that I really didn't like. The first was his cat, a stray, whom if not for his neighbors he would have let die. The second is a neighbor called Jimmy. Jimmy is overweight, and the constant references to food hanging out of his mouth, and stains on his shirt were just plain rude.I pressed on even though it was getting tough to read. There was one paragraph near the ending about getting older that touched my heart, but other than that, it was just more of the same. The author, Fredrik Backman, is a blogger, and this is his first novel. He is a good writer, and I can see how blogs of Ove would be fun, but as a whole book it just didn't work for me...but, I am in the minority!",362,117
18774964,A Man Called Ove,jessica,"2,475",29600,4,"January 27, 2020","oh, the feels! this story is charming, heartwarming and touching. it is not surprising this book has received so much praise and attention. this is the book that made me fall in love with fredrik backman as a storyteller. he has crafted a story that undeniably tugs at your soul and causes your heart to double in size. it was such a delight to watch ove learn how to love his life and those around him. this is everything you could want from a feel-good story and more!↠ 4.5 stars",344,17
