Uid,Title,Reviewer,N_Review,N_Follower,Review_Rate,Review_Date,Content,N_Likes,N_Comments
30165203,American Gods,Miranda Reads,"1,588",15300,4,"June 18, 2021"," No denying that this one is a big boi. A long boi. Extra extra page boi.But was it worth all that paper?Click the link for my video review of the big bois in my life.The Written Review:
  Gods die. And when they truly die they are unmourned and unremembered. Ideas are more difficult to kill than people, but they can be killed, in the end.
 The Old Gods - brought over by immigrants. Wild, fantastical tales of elephant-headed men and trickster spiders. Of power and lust. Of fear and worship.The New Gods - created by the immigrants' descendants. Gods of money, media and might. Newly formed out of the hopes, dreams and desires of a people who've long since forgotten the Old Gods. 
  A storm is coming.
 The New Gods, though young and foolhardy, know what they want and they want to 
  take the world from the Old Gods.
 Caught in the crossfires is one, very human, ex-prisoner named Shadow. The ideas Neil Gaiman comes up with are simply stunning. It's hard to describe this book - it's all-encompassing. This story feels so old and established - almost like it's a legend, passed down from generation to generation. It crossed every genera - from romance to murder mystery to mythology - absolutely seamlessly. I really loved all of the New Gods that Gaiman created.There's The Technical Boy - God of the internet and computers. The Black Hats - Gods of Conspiracy theories and shady ideas. And, my personal favorite, Media - the Goddess of the Television. 
  ""The TV's the altar. I'm what people are sacrificing to.""""What do they sacrifice?"" asked Shadow.""Their time.""
And of course, because it's Neil Gaiman...there's a bunch of weird sex thrown in...because reasons.Literally, one of the Old Goddesses ate a man alive with her ""womanhood"". Another time, Shadow was really injured and was healed through painfully descriptive sex magic. Aside: Does anyone really know why Gaiman always does this? Can't we have one book where everyone keeps their clothes on?And, if that wasn't confusing enough, in between the man-eating labia and sex-bandaids...we get absolutely adorable quotes like this:
  What I say is, a town isn’t a town without a bookstore. It may call itself a town, but unless it’s got a bookstore, it knows it’s not foolin’ a soul.
or this:
  The house smelled musty and damp, and a little sweet, as if it were haunted by the ghosts of long-dead cookies.
Sometimes, I really want to know what goes through this man's head...and then again...maybe not. Still, this was an extremely interesting read and one of the few Gaiman books that I enjoyed from cover to cover!Audiobook CommentsExtremely well-read by Dennis Boutsikaris, Daniel Oreskes, Ron McLarty, and Sarah Jones. Each major character had a different voice actor/actress and it really enhanced the audio. The accents sounded accurate (to my untrained ear) and the whole book was immensely enjoyable to listen to! The Finer Books Club - 2018 Reading Challenge: A book based in your home stateYouTube | Blog | Instagram | Twitter | Facebook | Snapchat @miranda_reads",670,37
30165203,American Gods,Stacey,266,449,5,"August 19, 2016","In 2003, I walked away from my childhood religion – a high control (some would say abusive) group with a tiny little worldview and a severe superiority complex. This was my reality:I believed with all my being that the things depicted above were real, and were just over the event horizon. Leaving meant losing almost every friend I had ever made since childhood, it created a rift with my still devout family, and quite possibly saved my life. Is it any wonder that fiction – alternate realities, fantasy, and mental escape – helped me make that decision, helped me move on, and helped deprogram my cult-think? One fiction supplanted the other, only this time I already knew I was working with stories. Some of this fiction I had read many times, not understanding why the stories resonated so strongly within me, just knowing that I was compelled to return to those worlds, over and over. Others were stories I read during the time surrounding my breakaway, and shortly thereafter.*American Gods made me observe and think differently. It gave me a new context for the mythologies I had accepted for most of my life. It was bigger than the story of Shadow, or the girl Sam, or Czernabog. For me, it was about how we allow our Old Gods to define our present worldview, and how we allow our New Gods to steal our awareness. Our mythologies set the boundaries of our culture, and paradoxically, as our culture changes, our gods sacrifice their immortality. 
  ""Religions are, by definition, metaphors, after all: God is a dream, a hope, a woman, an ironist, a father, a city, a house of many rooms, a watchmaker who left his prize chronometer in the desert, someone who loves you--even, perhaps, against all evidence, a celestial being whose only interest is to make sure your football team, army, business, or marriage thrives, prospers, and triumphs over all opposition.""
The part of the story that affected me the most profoundly was the story of Hinzelmann and Lakeside. The mixing of good and evil, the blurring of lines, townspeople looking the other way – to such a degree that it never occurs to them to see what is happening right under their noses. Dead men's bones. Deaths of legends. It affected me to my core. During the time I was reading American Gods, it was this which rocked me – I was doing the same thing – choosing and keeping and killing my own Gods, my own mythologies. It was tremendously painful, made a little easier by having the opportunity to process it within the bounds of somebody else's story.*The rest of the list:DuneChapterhouse DuneFahrenheit 451Animal Farm1984SandmanCrisis of ConscienceUnder the Banner of HeavenSeductive Poison","1,594",192
30165203,American Gods,Megs ♥,160,1274,3,"January 24, 2012","This is a tough review for me to write. I'm not exactly sure what it is about this book that I don't like. I'm not sure there even IS something I don't like. Since I don't want to just leave you all with the ever popular ""I'm just not that into it"", I will try to explain.This book has all the elements of a book I would enjoy. The creepiness factor is up there, the writing is brilliant, the main character is a big lug I couldn't help but love. Also, I have always been fascinated by mythology, so that's a plus.Shadow is our main character and he just got out of jail after doing his time of three years. Right before he is supposed to be released he is let out early, because his wife was killed, in apparently scandalous circumstances. The first 50ish pages were about the extent of where the book was interesting to me. Shadow meets Wednesday, and then the story turns into a bunch of mini stories and flashbacks, and I didn't enjoy most of them. Some were okay, but the majority just felt like annoying disruptions, and I felt myself thinking this is yet another longer book that could benefit from losing about 100 or so pages from the dragging middle. Shadow is paid by Wednesday to be an errand boy while he travels America trying to rally his troops in preparation for a war between The old Gods, and the new Gods (media and money) I guess it's my own fault. I couldn't really bring myself to care about this war between the new and old Gods, because the Gods of Media and Money? Not my Gods...Books that are hyped up as much as this one leave me in a place where I tend to get disappointed, because it's so hard to live up to those expectations. Of course that's not the books fault, but I was just expecting to like this book much more than I did. I never felt engaged while reading this book, and that's the reason I couldn't rate this above three stars. I could appreciate the great writing and originality, however, so I couldn't give it below three stars.Three stars it is folks, but as most of you know this book is loved by (almost) all, so of course I encourage everyone who is interested in this book already to read it, and form your own opinions. This book didn't do it for me, but I am definitely going to try some of Gaiman's other books and see if I have a better experience.","1,050",142
30165203,American Gods,Oceana2602,554,130,1,"November 22, 2008","""Read Gaiman!"" they say. ""I can't believe you've never read Gaiman! You have GOT TO read Gaiman!"" ""Gaiman is SUCH an important part of popular culture and one of the BEST contemporary writers! You HAVE TO READ GAIMAN!""Well, I've read Gaiman now.Hi Gaiman!Bye Gaiman!Let me quote:""American Gods is Neil Gaiman's best and most ambitious novel yet, a scary, strange, and hallucinogenic road-trip story wrapped around a deep examination of the American spirit.""I agree with everything but the beginning and the end. It certainly was scary, strange and hallucinogenic. None of it in a good way.I like nothing about this book. Not liking it isn't very difficult, because I have honestly no idea what was going on. Not that I didn't get the actual story, it wasn't that hard, since Mr. Gaiman sure isn't the most demanding writer (that isn't meant as a criticism, it can be a good thing). But why the things that were going on, were going on, completely eluded me. And while I kept on reading and wondering, 'huh? why? What now?', in the end, it all came up to ""Why should I care?""This isn't my kind of book, mainly due to the subject and the characters. That's why I don't think anything Gaiman wrote would be my kind of book. It certainly isn't a book, or an author, you HAVE to read.I guess this, like that strange car race video game and Star Trek, will be parts of popular culture that will have to live without me. ",687,79
30165203,American Gods,David Monroe,433,137,5,"September 8, 2021","Anybody who tells you that the book is about old and new gods, or about a man named Shadow, or about coin tricks, or about having one's head smashed in for losing a game of checkers, is selling you a line, because those are just details, not the story itself.Much like any Neil Gaiman story, the devil is in the details, and you just have to resolve yourself to coming along for the ride, or you'll miss it. It's not one story, or two, it's many, and it's all complete...and you have just to read it, and enjoy it, and accept it. Or don't bother.I might as well sell you a violin as sell this book to you, or pluck a synopsis of it from behind your ear and then deposit it in my hand, only to have it turn into a critical review while your attention is elsewhere. But I won't; you'll just have to find the magic yourself.","1,591",75
30165203,American Gods,Jayson,"1,515",3230,4,"October 16, 2021","(A-) 81% | Very GoodNotes: The concept's pretty brilliant, but the plot can be slow and plodding at times and the end doesn't live up to the build.",748,67
30165203,American Gods,Matthew,"1,219",8681,3,"September 28, 2016","My first thought on this book:This is a 2.5 to 3 star book max for me. I am pretty sure this will be my last Neil Gaiman book. I have tried two others (Good Omens: The Nice and Accurate Prophecies of Agnes Nutter, Witch and The Ocean at the End of the Lane) and one of those was okay (Omens) and one of them I couldn't stand (Ocean).I realize that my feelings on Gaiman and his books are contrary to popular opinion, but they are just not my cup of tea. They are slow. They seem intentionally odd and artsy. By the end, I just don't care anymore. I think trying 3 of his books shows I have given him a good chance, but now it may be time to part ways.American Gods has its interesting storylines (that is why I have rounded up to 3 stars) but overall, I didn't see the point. I expected some really interesting stuff to happen between all the Gods and mortals, but instead I got sometimes boring, sometimes unintelligible speeches, or really odd occurrences that come out of nowhere and make no sense. In general, I am not really sure why any of it happened other than Gaiman spewed forth some really weird stream of consciousness (This was the same way I felt about The Ocean at the End of the Lane).So - if you love Gaiman, keep on reading! But, don't fault me for not caring for is style after several tries, it is just how I feel and I don't think it is going to get any better.",529,200
30165203,American Gods,Sean Barrs ,"1,099",44100,1,"November 17, 2020","Do you ever read a book and become completely lost in the words and, ultimately, wonder what is actually happening? Well, I do. So, I go back and read the bits I may not have picked up or accidently skimmed over. This allows me to actually understand the book. I tried doing that with this, and I quickly realised that I still had no idea what was going on. The plot of this felt completely random, drawn out to the point of ridiculousness and the events, themselves, felt incoherent. I have no idea why most of the events actually happened in here, and at this point, I can honestly say that just I don’t care anymore.  Did I miss something? The book begins with the protagonist, Shadow, finishing his prison sentence. On the day of release his wife is killed in a car accident. What initially appears as mere bad fortune slowly evolves into what can only be considered as something much odder. His wife’s ghost visits him, and assists him in the random events he then encounters. I say random because that’s exactly what this book is. The events that occurred had no discernible point. I kept expecting to see some reasoning behind it all, but just couldn’t. Perhaps I missed something. But the plot of this felt barely connected. There was an overall lack of cohesion and plot driver. I had very little reason to read this, and as I got further and further into it, I had even less. The book seemed to be going in a weird direction of its own that felt completely ungraspable. I just don’t understand the point of most of it; the characters all felt like they belonged in a psyche ward. I understand the overall meaning of the book, but the way in which the author presented it was awful. The actual events and scenes that took place were bizarre to the point of them having no purpose. For me, this book needed much more than just an overall juxtaposition of god types; it needed to be enjoyable on the surface level as well; it needed a proper plot.  This book almost killed me    If a book bores me this much, and confuses me this much, when reading, the overall message of the book cannot save it in my estimation. The reading process was dull and plain arduous, I wanted to cry at points because it was that bad. Indeed, I had to force myself to complete reading this incredibly packed out, and rambling piece of randomness. If someone asked me to give a concise summary of the book, and tell them what happened, I’d be unable to complete the task. Perhaps it’s just me, but this book is so strange. I have nothing positive to say about it, in any respect, and absolutely hated reading it. I just can’t appreciate what Gainman was trying to achieve because he did it such a roundabout way. I simply detest this book. It was an absolute trudge to finish it. This just seemed far too long. The message that the author was trying to capture could have been done in half the word count. Perhaps, it doesn’t help that my copy was the original version, which means its twelve thousand words longer than the normal one. For me, this meant that there were entire chapters that were completely pointless. Nothing happened in them, and nothing was achieved through them. At points, this novel felt like a connected series of events that could barely be considered a plot. It will, indeed, be many months before I pick up another book by this author, maybe even years, maybe not ever again. I’ll never forgive the author for this tripe.  A very disheartened one star __________________________________You can connect with me on social media via My Linktree.__________________________________",429,81
30165203,American Gods,Lyn,"1,845",16300,5,"April 2, 2019","American Gods by Neil Gaiman, by the author’s own description, is a work that has inspired strong emotions and little in between – readers have either liked it a lot, or loathed it entirely. Reading some of the reviews bears witness to this dichotomy. I liked it, liked it a lot, but I can also understand why someone may dislike the work. Gaiman, in his storyteller way, has stepped over boundaries and stepped on toes. And not just religious or theological ideas, but nationalistic ideals as well. Gaiman has painted a portrait of America that is not photographic, but impressionist enough to grasp a resemblance of us as maybe we are, and maybe he gets closer to the truth of the matter than some are comfortable with. And I’m not talking about myths, but rather, as he puts it, the myths we have lived with, tangled into the skein of our culture and even formed ourselves. Like many great works, and I do count this work among that group, the story works on multiple levels. It is on its surface a fantasy, rich in detail and fun to read, but also on the level of metaphor with complicated ideas and symbols thrown in, a novel that leaves the reader satisfied but still with a lot to consider once the book is put down. Like almost all great works, putting the book down is not an easy thing, and difficult to admit that the story is over.***** 2017 re-read“What I say is, a town isn’t a town without a bookstore. It may call itself a town, but unless it’s got a bookstore, it knows it’s not foolin’ a soul.” “Hey,"" said Shadow. ""Huginn or Muninn, or whoever you are."" The bird turned, head tipped, suspiciously, on one side, and it stared at him with bright eyes.""Say 'Nevermore,'"" said Shadow.""Fuck you,"" said the raven.” “Every hour wounds. The last one kills.”“I believe that life is a game, that life is a cruel joke, and that life is what happens when you're alive and that you might as well lie back and enjoy it.”“The house smelled musty and damp, and a little sweet, as if it were haunted by the ghosts of long-dead cookies.”“Religions are, by definition, metaphors, after all: God is a dream, a hope, a woman, an ironist, a father, a city, a house of many rooms, a watchmaker who left his prize chronometer in the desert, someone who loves you—even, perhaps, against all evidence, a celestial being whose only interest is to make sure your football team, army, business, or marriage thrives, prospers, and triumphs over all opposition. Religions are places to stand and look and act, vantage points from which to view the world. So none of this is happening. Such things could not occur. Never a word of it is literally true.” ******* 2019 reread – So I had to reread this because I watched the Starz series.Liked it. Liked the direction, liked the casting. Good adaptation.The pace of the series is too slow, though, and moving in odd directions, I’m ready to get to Chattanooga!Anytime I get to read about or see something in my state I get as excited as a dog riding in a car and looking out the open window.“Hey! I know that place, I’ve been there! Hey everybody, you can see my house from there!” and so on. I turn into a six-year-old when I eat too – “Why yes! I did have spaghetti with red sauce for lunch, how on Earth did you guess??”One other thing all my GR friends should know about us Tennesseans. Doesn’t matter if we’re a hillbilly from East Tennessee or a Blues Traveler from Memphis, we all agree on one thing: anybody disrespects Dolly Parton, and you’re looking for a fight.OK.So.On to the 2019 reread of Gaiman’s masterpiece.I love this book, enjoy the story immensely. What Gaiman has done is to create an urban fantasy that blends elements of myth and legend into a realizable whole, deftly combining theology with mystery.This time around I paid closer attention to the characters, not just Shadow and Wednesday, but also Laura, and Anansi, and Easter and Mad Sweeney, and Bilquis and Czernobog, and Whiskey Jack. I liked how the Starz series developed Laura’s character (though I did not like the casting) and also Mad Sweeney’s storyline.I have picked out seven books that are my favorite and this is one of them, and I’ll read this again. ",320,46
30165203,American Gods,Anne,"3,785",6900,4,"July 31, 2020","Audiobook re-read 2020I'm sticking with my original rating, but only because the voice cast is simply amazing. If you're on the fence about this version of the book, I'd highly suggest listening to it. It's long, it rambles, and it doesn't go anywhere very interesting. The actual plot of this book could have filled 100 pages, while the other 500 pages read like a mythological travelogue of the United States. There's nothing wrong with that, and it was exactly what Gaiman set out to do. I'm just letting you know upfront what you're getting yourself into because (even with the fantastic voices) I almost DNF'd this audiobook every single day for a week or so. I had to keep reminding myself that nothing lasts forever and this too shall pass. Plus, I couldn't quite remember how it all turned out in the end and maybe there was something cool waiting for me that I'd forgotten.Eh.At some point, I'm planning to listen to the original version of the book that his editor got hold of and see how it compares. This version was for me at best a rambly 2 to 2.5 star book. The audio is fantastic, though. Easily a 5 star audio! <--definitely recommend going this route  Original review 2014High 3.5 maybe 4 stars?I can't say this is one I would recommend to everyone, and I certainly won't be shoving it down peoples' throats. But I liked it.Now, somehow I ended up with the extended 10 year anniversary edition. So, maybe that's why it took me forever to finish this. But I don't think that was entirely the issue. It's just a loooong fuckin' book. And not much happens in it action-wise, so you're not exactly flipping the pages with any intensity.  There's not even really (in my opinion) a slow-build up to anything super-exciting. And what I mean by that, is that I never once thought to myself, Oh! Something GOOD is gonna happen in the next few pages!, you know?Thing is, it has everything I could want in a book. Half-crazy gods, zombie ex-wife, tarnished-but-decent hero, missing kids, and unlikely friendships. However, it also has everything I usually despise in a book. Trippy/hallucinogenic dream sequences, random quotes from other pieces of literature, plodding storyline, and no action.But Neil Gaiman just oozes so much talent that somehow I still liked it. Which is saying a lot, because I'm normally a real asshole when I feel like a book needed to be chopped down by about 400 pages.Although, unless someone can tell me that Anansi Boys is an Awesome-Not-To-Be-Missed-Roller-Coaster-Thrill-A-Minute-Ride, I'm gonna have to say no to that one.",317,131
30165203,American Gods,Mario the lone bookwolf,732,3388,5,"November 27, 2022","The best interpretation of what ancient gods could look like in modern societyUsurpers of the throneA company goes bankrupt, a human dies, and a god without any believers… rebrands her/himself, vanishes, goes back to heaven, hell, behind the big bang, crunch, rip, multiverse? But seriously, of course not, as long as nobody has interviewed a literal goddess/god, this remains an open question. Maybe they don´t even know it themselves and fear the day of the last dead idolator. But at least they are human in the one regard that there is alwaysA new business idea based on technological and cultural evolutionThis is the totally mindblowing, forever continuable concept of creating new gods out of technological and social progress and manifested in it. Internet, biotech, social media, mind uploading, nanotech, war machinery, new ideologies, all fantasy, and sci fi concepts that are standalone enough to be an equivalent, or new interpretation, of the old gods for human stuff like love, death, birth, war, and the big ones like weather, earth, etc. The funny thing is, the moreHumans are losing the connection to their origins, nature, and the biospherethe more destructive a bad god could be. Let´s say a god of war or mammon is the whole army or government of a superpower or all its conglomerates and megacorporations. A god of lust is the owner of anything pornographic in a time VR and AR are pimping and spicing already incredible 4K and 8K pornography. What I´ve heard so far. And depending on how good or bad Aphrodites and Eros's kinky fetish tendency is, One man's meat is another man's suffering style, the impact on a society, in this case even a mixture of hard tech and soft, sometimes slack, horny ape needs, is pleasure or pain. Play with the idea yourself, you´ll find incredible insights. Both fantasy and sci fiExpand this concept in extreme detailImagine an incredible mighty evil or good magician or a Clarketech civilization and this game could be played until the end of time. And thereby also creating a picture of the human values left in these fantastic settings. That´s what makes, back to the topic, Gaimans´work not better, but more unique than his other also incredible pieces. They are a kind of gold standard for fantasy, but they don´t have this Mixture with our current time This is what makes both the book and the TV series something unusual for the genre, tinkering with the idea of fusing fantasy genres with a commentary on modern society that isn´t moralizing or proselytizing for an ideology. But instead letting gods do that work.Tropes show how literature is conceptualized and created and which mixture of elements makes works and genres unique: https://tvtropes.org/pmwiki/pmwiki.ph...",306,4
30165203,American Gods,Warwick,809,14400,2,"September 9, 2015","I find it really weird how many American media products have the word ""American"" in the title. Obviously, this; a few weeks back I also read American Rust. You've got your American Beauty, American Ninja, An American Werewolf in London. American Psycho. American Sniper. American Pie, American Dad, American Graffiti. What is going on here, what are they trying to prove?? I really don't understand it. I mean you'd never get ""British Beauty"", ""French Psycho"", would you? That just seems completely laughable.Anyway, I really didn't get this book. It made no sense to me at all. I mean it's a fun conceit, that gods are living among men in modern day America, desperate to regain the faith they once commanded, but I just felt like it wasn't thought through properly. It presents itself as being predicated on the idea that ‘America is a bad land for gods’ – this is something that characters keep saying to one another, moodily, that America is a really bad land for gods – and this is apparently why all the gods are now living hand-to-mouth existences as drifters or menial labourers.Only – huh? Are we talking about the same America here? The one where 51 percent of the population think that humans were created by a divine being, and a further 40 percent think they were created by evolution which was set in motion by a divine being (leaving, as Tim Minchin said, a very small percentage of Americans who are right)? Is that the America that is supposed to be a bad land for gods? Do me a favour, it must be one of the most religious countries in the western world. I've driven through my share of rural Tennessee, where much of American Gods takes place, and one of the most striking things about these communities is the fact that there seems to be one church for every six or seven houses. God is invoked on the currency, on the news, by the head of state, and in schoolrooms every morning by little kids.This is what is so frustrating about the book, because it seems like a brilliant chance to examine religion in the US in a cool and interesting way – but it doesn't. It either doesn't dare or it doesn't bother. I mean – if you're going to run with this idea that gods are walking around, with the more powerful deities being those who have the most believers, then where the fuck is Yahweh? I'm supposed to believe that Anubis is twatting around driving a hearse in fucking Cairo, IL. – despite the fact that no one in the history of America has ever worshipped Anubis – and yet Jesus doesn't make a single appearance? Somehow it's OK to play around with foreign gods that seem quaint or folkloric, but monotheism's off the table. It just didn't make any sense to me.¹Instead, what we have to propel the narrative along is just a kind of comic-book war that we're supposed to care about. So although there were quite a few scenes that had me flipping the pages with engagement, there was always this nagging feeling that none of it really meant anything and that I didn't really care very much what happened to anyone. It doesn't help that the protagonist (with the dreadful name of ‘Shadow Moon’) is, for a central character, annoyingly passive and lacking in personality (although the goddesses he encounters still have a remarkable habit of wanting to have sex with him).As for the writing style, well, it's fine, but it has absolutely no flair. There's quite an interesting bit in the Acknowledgements where Gaiman thanks many of his beta-readers and editors for spotting ‘stray and unintentional anglicisms’, presumably so he could remove them; this I think is something that contributes to the featureless blandness of his style. I'm not saying he is unentitled to this voice or anything like that – his wife is American, he lives in America, this is totally an authentic voice for him. It's just not one that has any character. It works in a kind of tab-A-into-slot-B way.This is certainly not a bad book and it's quite readable – I think I'm just disappointed because I had unfairly high hopes, and I liked the concept, and I have a lot of friends who really enjoyed it. For me it was just a bit baffling and cartoony. In the same way that His Dark Materials is like a children's story for grown-ups, American Gods felt like an adult story for children. This is my third Neil Gaiman book (after Sandman and Smoke and Mirrors) and they have all been underwhelming; I think I'll just leave him alone now, since I'm sure they deserve higher ratings than I'm prepared to give them, but that's what you get when I try and squeeze in a review at 01:23 am in a foreign city when I still have another two hours' work to do before I can go to bed.¹This ""Tenth Anniversary Edition"" includes in its appendices a brief section in which Jesus does, in fact make a brief appearance. This was cut from the original published version, and you can see why; it is very short and it raises more questions than it answers. The problem is, these are the questions the book should have been about. ",259,67
30165203,American Gods,Ahmad Sharabiani,"9,568",55500,4,"September 6, 2021","American Gods (American Gods #1), Neil GaimanAmerican Gods (2001) is a fantasy novel by British author Neil Gaiman. The novel is a blend of Americana, fantasy, and various strands of ancient and modern mythology, all centering on the mysterious and taciturn Shadow. Shadow is an ex-convict who is released from prison three days early when his wife Laura is killed in a car accident. Shadow is devastated by her death, and is distraught to learn that she died alongside his best friend Robbie, with whom she had been having an affair. He takes a job as a bodyguard for a mysterious con man, Mr. Wednesday, and travels with him across America, visiting Wednesday's acquaintances. Shadow learns that Wednesday is an incarnation of Odin the All-Father, and is also recruiting American manifestations of the Old Gods, whose powers have waned as their believers have decreased in number, to participate in a battle against the New American Gods – manifestations of modern life and technology, such as the Internet, media, and modern means of transport. Shadow meets a leprechaun named Mad Sweeney, who gives Shadow a magical gold coin after Shadow beats him in a fight. ...تاریخ نخستین خوانش: روز بیست و نهم ماه اکتبر سال 2019میلادیعنوان: خدایان آمریکا؛ نویسنده: نیل گیمن؛ تهران، زبان، مهر، 1398؛ در 705ص؛ به زبان اصلی؛ موضوع داستانهای نویسندگان بریتانیا - سده 21مدرباره ی شخصیتی به نام «شدو»، که به سه سال حبس در زندان، محکوم شده است؛ در حالیکه تنها چند روز از دوران محکومیت او باقیمانده، «شدو»، به دلیل کشته شدن همسرش، زودتر از زندان آزاد می‌شود؛ او سپس با فردی به نام «چهارشنبه»، آشنا شده، که به او پیشنهاد کار می‌دهد؛ «چهارشنبه»، در ظاهر فرد حیله‌ گری به نظر می‌رسد،؛ که به دنبال استخدام «شدو»، به عنوان نگهبان خویش است؛ ولی در واقع او یکی از خدایان به نام «اودین» میباشد؛ «چهارشنبه»، در حال مسافرت به دور «آمریکا»، و گردآوردن خدایان کهن است، که اکنون خود زندگی آمیخته با سبک زندگی «آمریکایی» دارند، تا برای رودرویی با خدایان تازه، از جمله خدای تکنولوژی، و رسانه، که هر روز قوی‌تر می‌شوند، آماده شوند؛تاریخ بهنگام رسانی 29/08/1399هجری خورشیدی؛ 14/06/1400هجری خورشیدی؛ ا. شربیانی",230,2
30165203,American Gods,Samantha,401,16600,4,"January 10, 2018","I listened to the full cast audiobook of this while on a long drive and I highly recommend it for the experience. This book is meandering, in such a way that you can feel yourself getting lost. But, in Gaiman fashion, he has a way of tying everything up in the end (or not in some cases) in a way that was satisfying for me. If you don't mind a character focused story with a lot of detours and LOVE mythology, you'll eat this up. ",216,10
30165203,American Gods,Stephen,"1,517",10800,5,"July 7, 2011","
  
My literary promiscuity being what it is, I have read and loved a lot of novels in many different genres. However, among the beau coup books that I have loved long time there are a select few that hold a special, hallowed place in my pantheon of favorites…American Gods is one of these elite. Gaiman’s writing is both subdued and poetic. It is deeply emotional, but without a hint of melodrama. His descriptions are elaborate yet not drawn out. He tells a huge, complex, eternal story, one small tale at a time. I don’t know how else to say it, in this book Neil Gaiman took story telling and made it his bitch. Therefore, upon learning that I had the opportunity to read Neil Gaiman’s preferred and expanded version of AG containing an additional 12000 words, my reaction is what you might expect. I exploded into tears of ecstasy, lost my bowels and wept uncontrollably for well over an hour. This made for a particularly awkward moment at the book store but at least I was prepared…
  
 Later, when I was calmed down, cleaned up and baby powdered, I sat down and tore through this over the weekend. Since this is the 10th anniversary edition of this modern fantasy classic, I am going to assume that a fair number of you reading this are at least familiar with the story. However, I will still avoid major spoilers in this review, except for disclosing (1) the identity of Wednesday and (2) the basic plot. Both of these things are revealed pretty early in the book so I don’t think I’m story flashing any of you with this information. I just think it is difficult to explain the novel without these two nuggets of bookformation. Therefore, for those of you that don’t want any spoilers, you may want to look away now…….for everyone else, let’s talk AMERICAN GODS….and English gods…and Irish gods…and Norse/Scandinavian gods…German and Russian gods…and Egyptian gods…and Greek gods (plus those “FUCKING Albanian” gods)…and Indian, Hindu and Japanese gods…and Hungarian gods…and Babylonian and Persian gods…and Native American gods…and Voodoo gods…and African gods….and even “forgotten” gods...plus all manner of dwarf, sprite, imp, giant, kobold, vampire, mythological beast, djinn, witch…and one very large and mysterious SHADOW!! Just listing the countries represented in this book makes me smile and break out in goose zits. THE TALE OF AMERICAN GODSSo our guide throughout the story is Shadow. Shadow’s a big, soft spoken, even tempered bad-ass, ex-con whose life is shattered by the tragic death of his wife in a car accident (there is more to it than that, but, you know, spoilers and such). While reeling from the aftermath of his loss, Shadow is approached by smooth-talking and mysterious grifter named Mr. Wednesday. [HERE COMES MINOR SPOILER #1]. Turns out, Wednesday is actually a manifestation of Odin, ruler of the Norse Gods, and king of all things Asgardian. 
  
Why you ask is the “AllFather,” the god of war, wisdom, poetry and magic scraping his way through life as an aging con man? Ah….that brings us to the heart and soul of the story. You see gods are sustained and kept strong, according to the novel, by people’s worship and their belief in them. Thus, when the ancient Norsemen came to America, they brought belief in their gods with them. When they made sacrifices to Odin, Thor and the rest of the Norse gods, it made them strong and powerful. Conversely, as the people forgot about the gods and stopped telling their tales and making offerings to them, their power waned, until now at the beginning of the 21st century in America, Odin’s godly “vigor” is all but lost. Meanwhile, the “gods” of the 21st century have grown strong and powerful. These new gods of Media, Technology, Internet, Electricity, Highways, Drugs, etc. are young, brash and dripping with vitality due to the worship and adoration they receive from you and me. Now, these godly young turkers and looking to destroy Odin and his ilk forever and claim supremacy over all of godness.A war is coming…sweet!!!Realizing the powerful of the 21st century gods, Odin is on recruiting mission to gather up the old gods and get them to sack up in order to avoid being slaughtered at the hands of the upstarts. He hires Shadow to be a glorified errand boy at $500 bucks a week and to accompany him as he travels America (and places in between) trying to rally his gang of gods to fight in the coming battle. From a broad brush perspective, that is really the frame for this novel. However, as with all great art, the beauty of this story is in the details, the aspects, the shadings, the nuances. Odin’s mission acts as a terrific catalyst for Gaiman to explore the history of America, his great love of mythology and the enormous power of belief. 
   ‘This is the only country in the world,’ said Wednesday, into the stillness, ‘that worries about what it is….The rest of them know what they are. No one ever needs to go searching for the heart of Norway. Or looks for the soul of Mozambique. They know what they are.’
As with many of my favorite books, this is a “journey” story and not a “destination” story. Thus, if you’re someone who doesn’t like tangents, flashbacks, veer offs or segues in your plot and are constantly hoping to straight line towards the conclusion, than this book might frustrate you enough to cause hives. This is a beautiful, elegant, but long and meandering journey through the heart and soul of America full of rich and detailed landscapes, historical flashbacks, memorable characters and mythological anecdotes. Now, despite the novel taking its sweet, leisurely time sauntering towards the end, when it finally gets there, it is arguably my favorite 100 pages of any book EVER. In fact, the climax is so amazingly good that is it likely to cause one…so be prepared 
  
 Of course, I am talking about the final dust up between the old and the new. This segment is filled with more gods and legendary creatures than I have ever seen assembled in one story (if you are a South Park fan, think Imagination Land and you will have an idea of the kind a concentrated star power I mean).
  There's never been a true war that wasn't fought between two sets of people who were certain they were in the right. The really dangerous people believe they are doing whatever they are doing solely and only because it is without question the right thing to do. And that is what makes them dangerous.
ADDITIONS TO THE PREFERRED TEXTFor those of you that have read the original and are wondering whether this expanded edition is worth your time, I say yes…with a caveat. I don’t see a need to go rush out and read this if you have just finished the original version of American Gods. The story is basically the same and the added text is not so extensive that they change the essence of the novel. However, it you are thinking of a re-read or have never read the story before, I would certainly recommend this edition as I think it provides some additional insight and clarifications that are interesting and worthwhile. Plus, this expanded version also includes a very neat “apocryphal” segment in the afterward showing Shadow meeting up with Jesus that I thought was interesting.Overall, I love this book. I have now read it three times (something I do not generally do with books) and I am fairly certain that a fourth time is in my future. If you love mythology, it is hard for me to imagine you not loving this book. One thing I would recommend is that you have handy either your own mythology guide or else a link to this website that lists all of the gods appearing in the novel. http://frowl.org/gods/gods.html#odinI think it enhances the experience of the story significantly being able to match up the people encountered in the book with their mythological persona. 6.0 stars. HIGHEST POSSIBLE RECOMMENDATION!! P.S. BONUE QUOTEI couldn’t find a way to work this in above, but it is one of my favorite quotes from the book, so I wanted to share it: 
   God does not play dice with the universe; He plays an ineffable game of His own devising, which might be compared, from the perspective of the players, to being involved in an obscure and complex version of poker in a pitch-dark room, with blank cards, for infinite stakes, with a Dealer who won’t tell you the rules, and who smiles all the time.
",190,47
