Uid,Title,Author,Genre,Sub_Genres,Rate,Publish_Date,Page_Num,Award,Description,Author_Desc,Book_Authored,Follower_Num,Review_Num,Rating_Num,Rating_Dist:
37793,A Dolls House,Henrik Ibsen,classics,"['Classics', 'Fiction', 'Drama', 'School', 'Theatre', 'Feminism']",3.75,"January 1, 1879",122,['N/A'],"
  A Doll's House (1879), is a masterpiece of theatrical craft which, for the first time portrayed the tragic hypocrisy of Victorian middle class marriage on the stage. The play ushered in a new social era and ""exploded like a bomb into contemporary life"".  
  The Student Edition contains these exclusive features: 
  
    ·         A chronology of the playwright's life and work
    ·         An introduction giving the background of the play
    ·         Commentary on themes, characters. language and style
    ·         Notes on individual words and phrases in the text
    ·         Questions for further study
    ·         Bibliography for further reading.
  
   
","Henrik Johan Ibsen was a major Norwegian playwright largely responsible for the rise of modern realistic drama. He is often referred to as the ""father of modern drama."" Ibsen is held to be the greatest of Norwegian authors and one of the most important playwrights of all time, celebrated as a national symbol by Norwegians.His plays were considered scandalous to many of his era, when Victorian values of family life and propriety largely held sway in Europe and any challenge to them was considered immoral and outrageous. Ibsen's work examined the realities that lay behind many facades, possessing a revelatory nature that was disquieting to many contemporaries.Ibsen largely founded the modern stage by introducing a critical eye and free inquiry into the conditions of life and issues of morality. Victorian-era plays were expected to be moral dramas with noble protagonists pitted against darker forces; every drama was expected to result in a morally appropriate conclusion, meaning that goodness was to bring happiness, and immorality pain. Ibsen challenged this notion and the beliefs of his times and shattered the illusions of his audiences.",891,1767,5546,130886,"['32643 (24%)', '48945 (37%)', '36348 (27%)', '10318 (7%)', '2632 (2%)']"
