Uid,Title,Reviewer,N_Review,N_Follower,Review_Rate,Review_Date,Content,N_Likes,N_Comments
36482829,Aquicorn Cove,Cindy,407,10900,4,"June 11, 2022",Cute pastel art with a good message about being kind to the sea~ This would be a great book for middle grade kids. There's also a sapphic relationship casually showcased so bonus points!,460,N/A
36482829,Aquicorn Cove,Chelsea (chelseadolling reads),"1,469",19100,4,"April 23, 2019",Probably my favorite of Katie O'Neill's graphic novels. So sweet and so important!,94,N/A
36482829,Aquicorn Cove,April (Aprilius Maximus),"1,088",6587,5,"August 28, 2019","
  ""Some things are meant to come back to you.""
REP: characters of colour, f/f relationship, mental health (hints at depression), grief. trigger warnings: storms, loss of a loved one, drowning, hurt animals, depression. This is such a stunning and important story all about how our actions are affecting our oceans and reefs. Katie O'Neill also has such a stunning art style with gorgeous colours and loveable characters! Special thanks to Kerri (KerriTheBookBelle) for gifting me the ARC and Whitney (WhittyNovels) for gifting me a finished copy <3",92,1 comment
36482829,Aquicorn Cove,Melanie,"1,148",97700,4,"October 8, 2018","ARC provided by Oni Press in exchange for an honest review.
  
    “But there’s no home without a future…”
  
I just want to say that Katie O'Neill has the most breathtaking, most gorgeous, and most adorable illustrations out there right now. Each page is literally a brand-new work of art. Never have I ever loved the illustrations in anything as much as I do in this and in The Tea Dragon Society!Aquicorn Cove stars a young girl named Lana, and she and her father come to visit her Auntie Mae on her little island. Lana is grieving the loss of her mother, but feels happier in her hometown, before Lana was forced to move to the city with her father. And the village is rebuilding after a disaster has struck. But Lana is more than happy to help. But when she goes to the water, she finds a little seahorse-like friend, who is in need of her help! We also get to see Auntie Mae’s journey below the water, where the Aquicorns live! And Aunt Mae and their leader, Aure, strike up the most heart-warming f/f relationship. But we also get to see firsthand how important it is to keep our waters clean and that we need to respect coral reefs and underwater ecosystems.Every book I’ve read by Katie has also has such an important and powerful message. Aquicorn Cove is about conservation and how the actions we take on land are impacting our waters. How overfishing, climate change, and polluting is hurting these water sources, and if we don’t change our actions then the results are going to be more and more severe. This is a book that really focuses on the delicate balance we have with all living things, and how we have to respect and protect each other to keep the cycle going. We all have to be responsible for our carbon footprint, or nothing will be safe; land or sea. 
  
    “Children don’t deserve to lose their home with the sea.”
  
Overall, I loved this more than words. Some of these panels were able to evoke such an emotional response from me. I shed so many tears, but also grinned so many smiles. I truly think Katie O’Neill is doing so much good in the world, and I wish I could put her work in everyone’s hands. Beautiful and breathtaking illustrations, empowering and important messages, and characters that I wish I had growing up. I hope you all pick this up and fall in love, too! Blog | Instagram | Twitter | Tumblr | Youtube | Twitch The quotes above were taken from an ARC and are subject to change upon publication.",75,4
36482829,Aquicorn Cove,monica kim,202,6070,4,"May 19, 2020","a lovely, simple story with stunning illustrations ",74,1 comment
36482829,Aquicorn Cove,Whitney Atkinson,903,13700,4,"July 18, 2018","Thanks to Netgalley for providing an e-arc in exchange for my honest review!This book was beyond precious!! It's like a Disney movie in a graphic novel because of its lighthearted, magical vibe yet undertones of sorrow and meaning. There's loss, there's reunion, there's messages about environmentalism, there's mythical creatures, and there's even a subtle f/f romance. The art was so gorgeous and this book was very easy to follow and a quick read that definitely got me teary-eyed. I can't wait to get a copy of this for my shelf!",55,1 comment
36482829,Aquicorn Cove,aly ☆彡 ,336,887,4,"December 18, 2022","Love the message presented & as usual, the illustration is to die for",50,N/A
36482829,Aquicorn Cove,Nat,542,3171,4,"August 10, 2018","
  
Not only does this book feature mind-bending gorgeous works of art, it holds so much meaning in its pages. Usually, books that evoke such truly beautiful pieces tend to not have an exciting storyline to tag along, but this is where Aquicorn Cove comes in to shake up the status quo.
When Lana and her father return to their seaside hometown to help clear the debris of a big storm, Lana remembers how much she’s missed the ocean—and the strong, reassuring presence of her aunt. As Lana explores the familiar beach, she discovers something incredible: a colony of Aquicorns, small magical seahorse-like creatures that live in the coral reef. Lana rescues an injured Aquicorn and cares for it with the help of her aunt, who may know more about these strange creatures than she's willing to admit. But when a second storm threatens to reach the town, choices made many years ago about how to coexist with the sea start to rise to the surface. Lana realizes she will need to find the strength to stand on her own, even when it means standing up to the people who she has always relied on to protect her.I was already keen on the premise alone, courtesy my unshakeable love for the ocean, but the fact that Aquicorn Cove also addressed the harms in fishing ocean creatures and the dangers of plastic had me practically cheering out loud. WHOO!!This is one of those reviews were words needn't be written because the art speaks for itself. I mean:This stilled my mind from all racing thoughts.The beauty and power of that first panel stopped me cold, for some reason.I zoomed through this short read without even trying because IT'S JUST THAT GOOD.One last thing: Aquicorn Cove knows how to evoke real emotions, make characters feel completely real, and seamlessly captures intricate details that had a calming effect on me.ARC kindly provided by the publisher in exchange for an honest review.Publication Date: October 16, 2018Note: I’m an Amazon Affiliate. If you’re interested in buying Aquicorn Cove, just click on the image below to go through my link. I’ll make a small commission!
  
Support creators you love. Buy a Coffee for nat (bookspoils) with Ko-fi.com/bookspoils
  
This review and more can be found on my blog.",40,N/A
36482829,Aquicorn Cove,[S] Bibliophage,950,851,5,"March 14, 2019","I've read and enjoyed the two previously published graphic novels illustrated by 
  Katie O'Neill
 before. Hence, when I saw that she will be releasing a new book, I immediately seize the chance to check this out.The illustrations in her latest comic book are quite similar to The Tea Dragon Society which she released last year, but I prefer the story of Aquicorn Cove because of how it brings up the environment issue. It set as a wake-up call for readers about it and no matter how small, we could contribute to saving our habitat that will help all living things.This graphic novel is an amazing and a bit informative reading material with a great message and heartwarming story that will delight readers of all ages.",40,N/A
36482829,Aquicorn Cove,destiny ♡ howling libraries,"1,606",5000,5,"August 17, 2019","Katie O'Neill never stops stunning me. Her stories are so beautiful and so is her art, and the characters, and the world... all of it is perfect. There's a great story about environmentalism and doing our part in the world to keep things clean and not take more than we need, which was really sweet and heartfelt. I just loved the whole thing so much and I truly never get tired of Katie O'Neill's stories. <3 ",34,2
36482829,Aquicorn Cove,Reading_ Tamishly,"3,930",2159,5,"November 22, 2022","""I didn't know how to explain I needed help with the small things.""Most of us have this problem even when we do not own up to it. And that's making things difficult. It's not always the big things I guess that makes life meaningful.I love the author's work so much! Her graphic novels are always so heartfelt and dreamlike beautiful.All the feels. The girl is missing her mom. She's hurting. Her dad is hurting but trying his best to make a new start at a new place. But the little girl feels she belongs to her home by the sea. The story is about grief and magic. It's about acceptance and healing.So worth the read.",30,N/A
36482829,Aquicorn Cove,Nina,737,276,4,"October 30, 2018",Thanks again to Oni Press for sending me a copy of this book via NetGalley in exchange for an honest review! This was such a cute read and the art was amazing! I especially loved how it dealt with an important topic such as climate change and how the message was that we definitely have to pay more attention to our environment and have to take care of our oceans and that even small things can already make a big difference.instagram || my blog || twitter  ,21,N/A
36482829,Aquicorn Cove,Noura Khalid (theperksofbeingnoura),479,691,3,"October 5, 2018","Thank you Netgalley and Oni Press for sending a review copy of this book in exchange for an honest review.This graphic novel was so adorable! I loved Katie O’Neill’s art and the story was lovely. The environmental message got across very well. Loved all the illustrations, and I can’t wait for this book to be released!",20,N/A
36482829,Aquicorn Cove,Alison,548,3610,4,"November 24, 2018","4.5 starsReally lovely story about finding yourself after loss, caring for others, and how global warming is affecting the coral reef.Hints at a f/f romance",18,N/A
36482829,Aquicorn Cove,kate,"1,075",913,5,"February 10, 2020","With its stunning art style and colour scheme, a gentle plot and a powerful message about taking care of the earth and its oceans, Katie O’Neill has once again proved she can do no wrong. Although I truly believe this story is one for all ages, it makes my heart especially happy to know younger readers have stories like this to turn to, learn from and find inspiration within. ",15,N/A
